satellite_id,start_time_utc,end_time_utc,duration_s,expected_service_s,variance_s,utility,avg_elevation_deg,max_angular_rate_degs,drop_probability,min_ground_dist_km
STARLINK-30870,2026-02-18T07:42:34.084067,2026-02-18T07:49:34.084067,420.0,342.47577260295344,59.56020350247367,306.7396505014692,35.80062610691915,0.4182811810988219,0.3964005952879144,206.88972420583642
STARLINK-5382,2026-02-18T07:42:34.084067,2026-02-18T07:49:04.084067,390.0,330.50291006897004,47.1700656614593,302.2008706720945,35.15113525681897,0.35439954743100466,0.3691531641051683,272.3079721862341
STARLINK-30231,2026-02-18T08:59:19.084067,2026-02-18T09:07:34.084067,495.0,357.1336910919416,93.44145522904236,301.0688179545162,32.21070972071068,0.4012841457109404,0.4976639968171198,221.78642353383026
STARLINK-33968,2026-02-18T09:22:34.084067,2026-02-18T09:30:34.084067,480.0,353.1244559229575,87.89671952674873,300.38642420690826,33.06996718387695,0.41573894389695215,0.47804616091980845,214.32480230123113
STARLINK-6030,2026-02-18T08:53:49.084067,2026-02-18T09:01:49.084067,480.0,352.95411132737854,87.99796580888722,300.1553318420462,33.58211970924093,0.4413964496315655,0.4756565232288278,187.00947563821381
STARLINK-6117,2026-02-18T07:59:49.084067,2026-02-18T08:07:49.084067,480.0,352.97093708660617,88.03319707133394,300.1510188438058,31.78659978447863,0.35766208111394815,0.47655825667345875,267.32134757793716
STARLINK-6081,2026-02-18T09:15:34.084067,2026-02-18T09:23:34.084067,480.0,352.9192327004953,88.03528140163019,300.0980638595172,33.64876306520516,0.44227303953437147,0.47476871308388746,185.66746858862479
STARLINK-5762,2026-02-18T08:10:19.084067,2026-02-18T08:18:34.084067,495.0,356.0428661632955,93.86432916020257,299.724268667174,33.2643390953197,0.4598075786635708,0.49792449223340085,174.06377335571793
STARLINK-30778,2026-02-18T08:26:34.084067,2026-02-18T08:34:34.084067,480.0,352.59213134649343,88.24116636205075,299.647431529263,32.598484687057166,0.3894302826818034,0.47462067040031697,233.3162119959646
STARLINK-6124,2026-02-18T08:04:49.084067,2026-02-18T08:12:49.084067,480.0,352.5239587244414,88.19577089937184,299.6064961848183,33.7231775155035,0.44928185106210833,0.4756946280307658,179.6412591304942
STARLINK-6126,2026-02-18T08:29:49.084067,2026-02-18T08:38:04.084067,495.0,355.841621711097,94.02960620628744,299.42385798732454,31.61474053184613,0.37478844722718035,0.49800777736267954,249.8591994233925
STARLINK-5516,2026-02-18T08:56:04.084067,2026-02-18T09:04:04.084067,480.0,352.4039270564506,88.3252276123267,299.4087904890546,31.63849868869857,0.3492940956275286,0.47583146805596177,274.3406025743368
STARLINK-5507,2026-02-18T07:43:04.084067,2026-02-18T07:51:04.084067,480.0,352.27843458572784,88.33302283585144,299.278620884217,31.19079617002018,0.3352003917924895,0.47893113955404043,298.8115311936489
STARLINK-5039,2026-02-18T09:11:04.084067,2026-02-18T09:19:19.084067,495.0,355.48817241266903,93.6938328095305,299.27187272695073,35.360823432945544,0.671526441974045,0.5046447512910529,28.94496413989625
STARLINK-33943,2026-02-18T09:34:34.084067,2026-02-18T09:42:34.084067,480.0,352.17622948465487,88.2340883180191,299.2357764938434,34.79531455343792,0.5171573801042287,0.4785368122873569,129.02958637473498
STARLINK-6083,2026-02-18T08:58:49.084067,2026-02-18T09:06:49.084067,480.0,351.78467714714657,88.37869945697202,298.7574574729634,35.2171788599441,0.5523965513593719,0.4779130440360154,100.72719896087084
STARLINK-4055,2026-02-18T07:42:34.084067,2026-02-18T07:49:34.084067,420.0,336.3798668310683,63.138089924554805,298.4970128763354,35.313121174651876,0.45405773092840634,0.41018604982255324,186.25495308324784
STARLINK-5610,2026-02-18T09:16:04.084067,2026-02-18T09:24:19.084067,495.0,354.928311887825,94.06253051975776,298.4907935759703,34.94884313020014,0.6011097661330758,0.5027031505337404,73.24565813061795
STARLINK-5071,2026-02-18T09:13:04.084067,2026-02-18T09:21:04.084067,480.0,351.61040200783845,88.65849098572696,298.41530741640224,33.23093723279829,0.42207205391633823,0.4763738400811238,206.74304317009003
STARLINK-6066,2026-02-18T09:02:04.084067,2026-02-18T09:10:19.084067,495.0,354.83300573870576,94.03891847216441,298.4096546554071,35.19926995136671,0.6388377441751341,0.5037291015348578,51.01208330259653
STARLINK-6107,2026-02-18T08:08:04.084067,2026-02-18T08:16:19.084067,495.0,354.932793965684,94.22746381006169,298.396315679647,34.122569218620065,0.5222916715402066,0.5001066949111612,128.19050864488597
STARLINK-33863,2026-02-18T09:28:19.084067,2026-02-18T09:36:34.084067,495.0,354.6268298711626,94.18765726736179,298.1142355107455,34.96152542565515,0.6016012216614451,0.5039221916758054,72.89300053345269
STARLINK-5743,2026-02-18T07:46:34.084067,2026-02-18T07:54:34.084067,480.0,351.383964776692,88.78617952319073,298.11225706277753,31.77632178169694,0.3573719257981025,0.4766525220255299,265.6308792951817
STARLINK-6115,2026-02-18T08:09:49.084067,2026-02-18T08:17:49.084067,480.0,351.22640045216053,88.63373126523948,298.04616169301687,35.321369785032516,0.5619671598804615,0.4779876686248875,93.30786271718695
STARLINK-30798,2026-02-18T08:06:19.084067,2026-02-18T08:14:34.084067,495.0,354.6975430218915,94.43003771453462,298.03952039317073,33.257680224789496,0.46208089288585025,0.49892924625424806,174.31656852417345
STARLINK-5703,2026-02-18T08:15:19.084067,2026-02-18T08:23:34.084067,495.0,354.55334925193114,94.29891210309064,297.9740019900768,34.70635258364168,0.5645537691841257,0.5012941413383696,96.03817588342514
STARLINK-5759,2026-02-18T08:03:34.084067,2026-02-18T08:11:49.084067,495.0,354.5144535690646,94.59617903972728,297.75674614522825,30.829351003354386,0.3435524393145653,0.4993036302701952,285.62476443638224
STARLINK-5599,2026-02-18T08:43:04.084067,2026-02-18T08:51:04.084067,480.0,350.97552509353284,88.92251975560333,297.6220132401708,33.5412483577065,0.440619194953861,0.4771807786225839,190.2439845564201
STARLINK-30753,2026-02-18T08:13:04.084067,2026-02-18T08:21:19.084067,495.0,354.1633253603749,94.25266283435627,297.6117276597612,35.39128789809405,0.6934953014109791,0.5051645297680016,31.774756431152994
STARLINK-6091,2026-02-18T08:23:04.084067,2026-02-18T08:31:19.084067,495.0,354.26718002907984,94.56930924715904,297.52559448078443,33.91558622997832,0.5034312970593707,0.4989601463583866,143.11492697221118
STARLINK-34007,2026-02-18T09:22:19.084067,2026-02-18T09:30:19.084067,480.0,350.904297150228,88.98430527572603,297.5137139847924,32.997414710227204,0.4130568548856479,0.47704991576594147,216.12393328165174
STARLINK-5607,2026-02-18T09:25:19.084067,2026-02-18T09:33:19.084067,480.0,350.75788207201197,88.83330308897175,297.45790021862894,35.26011172397215,0.5597585824751861,0.47975783752665935,96.84860035623237
STARLINK-5735,2026-02-18T07:43:04.084067,2026-02-18T07:51:19.084067,495.0,354.2464618034475,94.68230211804119,297.4370805326228,32.4246834829186,0.41171495484359055,0.49856317262250294,212.8900093360655
STARLINK-5697,2026-02-18T08:28:49.084067,2026-02-18T08:36:49.084067,480.0,350.7364186868855,88.9902497258033,297.3422688514035,34.442407735125364,0.4861828187025108,0.4759158029346565,143.83838492420867
STARLINK-5630,2026-02-18T09:31:19.084067,2026-02-18T09:39:34.084067,495.0,354.1098778829585,94.72521089090776,297.2747513484138,31.59896592247272,0.3776828131861024,0.5013172799975536,253.63071587467317
STARLINK-5513,2026-02-18T08:57:34.084067,2026-02-18T09:05:49.084067,495.0,354.1280003728261,94.77259805409393,297.2644415403697,31.621855968994783,0.37540168777741967,0.49823472261255497,249.5651626141186
STARLINK-6082,2026-02-18T09:07:04.084067,2026-02-18T09:15:19.084067,495.0,353.9056704958932,94.44501970526731,297.2386586727328,35.18114469097613,0.6375126978670026,0.5037482709979326,58.59893085564831
STARLINK-5584,2026-02-18T08:55:19.084067,2026-02-18T09:03:19.084067,480.0,350.5895440121631,88.97666610382298,297.20354434986933,35.02055688616999,0.5325977514202909,0.4783096684773597,113.6989622909776
STARLINK-30256,2026-02-18T08:14:04.084067,2026-02-18T08:22:04.084067,480.0,350.247018340171,88.95523450726185,296.87387763581387,33.83632507196759,0.49565334582327253,0.48641636469524363,147.6633972683037
STARLINK-6075,2026-02-18T09:17:04.084067,2026-02-18T09:25:19.084067,495.0,353.7533057115696,94.92964493165057,296.79551875257926,32.371899341149756,0.40677505867577096,0.4974251297555595,216.461899998586
STARLINK-34061,2026-02-18T09:28:34.084067,2026-02-18T09:36:49.084067,495.0,353.5534663340085,94.60260861417531,296.7919011655033,34.986980322760246,0.6144679528585864,0.5054261031609336,69.10534792127577
STARLINK-6122,2026-02-18T08:18:04.084067,2026-02-18T08:26:19.084067,495.0,353.4668332608883,94.65711859167736,296.67256210588187,35.119199468217445,0.6241293352084188,0.5033526224981966,68.15381995057021
STARLINK-5833,2026-02-18T09:01:19.084067,2026-02-18T09:09:34.084067,495.0,353.5954832420643,94.97426039590712,296.61092700452,31.280514942261934,0.36289909055712294,0.5007036627543465,270.4233633143462
STARLINK-5754,2026-02-18T08:33:49.084067,2026-02-18T08:41:49.084067,480.0,350.2051911903643,89.3321956627926,296.6058737926887,32.602444904354435,0.3926365470402424,0.47564635102144626,230.61355494677977
STARLINK-5514,2026-02-18T09:06:04.084067,2026-02-18T09:14:04.084067,480.0,349.9530338907225,89.26251860382675,296.39552272842644,35.137389169652685,0.5431919398237456,0.4771777221400836,106.31039236571567
STARLINK-6092,2026-02-18T08:28:04.084067,2026-02-18T08:36:19.084067,495.0,353.39809627612067,95.08637430881278,296.346271690833,32.236181371156356,0.4012014033722147,0.49751644645966775,221.88704935856646
STARLINK-30242,2026-02-18T08:02:49.084067,2026-02-18T08:11:04.084067,495.0,353.37872076672306,95.05723574707568,296.34437931847765,31.95260246989924,0.3927469458857848,0.4993625285754164,231.37104982283614
STARLINK-30153,2026-02-18T09:04:19.084067,2026-02-18T09:12:19.084067,480.0,349.81315618801386,89.39781518297721,296.1744670782275,34.554614955487786,0.4953695188322627,0.4761222127145629,139.54847290859814
STARLINK-30806,2026-02-18T08:24:49.084067,2026-02-18T08:32:49.084067,480.0,349.8554250069601,89.49111906382308,296.1607535686663,33.209836750072036,0.4184919462631663,0.4746839431266263,205.77300274511373
STARLINK-5019,2026-02-18T09:19:04.084067,2026-02-18T09:27:19.084067,495.0,352.9140316991362,94.88208398854717,295.9847813060079,35.05738321192924,0.6154583138912965,0.5049859654415156,74.98373654761119
STARLINK-30082,2026-02-18T09:09:19.084067,2026-02-18T09:17:34.084067,495.0,352.8575721502378,94.93454646450016,295.8968442715377,35.12643328819746,0.6223610827765045,0.5028894593680808,66.31257931129885
STARLINK-5517,2026-02-18T09:02:34.084067,2026-02-18T09:10:49.084067,495.0,352.939810291371,95.19681729042664,295.821719917115,33.47992211280379,0.4730979595045338,0.4982281574304238,160.19220596432223
STARLINK-30891,2026-02-18T07:44:49.084067,2026-02-18T07:52:49.084067,480.0,349.5086409213115,89.64722447557992,295.72030623596356,31.81834457982928,0.3596669262347809,0.4767401392745677,264.3373545094775
STARLINK-6119,2026-02-18T08:14:49.084067,2026-02-18T08:22:49.084067,480.0,349.28981028765173,89.29440952948039,295.7131645699635,36.210330248227486,0.6874105606568061,0.4823968366745478,7.237204051305802
STARLINK-5331,2026-02-18T07:54:34.084067,2026-02-18T08:02:34.084067,480.0,349.46682557753627,89.62653653633305,295.69090365573646,33.47197689935201,0.4351981019501837,0.4767337147428863,196.24485387631628
STARLINK-5760,2026-02-18T08:25:19.084067,2026-02-18T08:33:34.084067,495.0,352.6686671024358,95.10756415801859,295.60412860762466,34.666698886148204,0.5670983361954164,0.5017587560476231,93.4920541280703
STARLINK-5557,2026-02-18T08:49:04.084067,2026-02-18T08:57:19.084067,495.0,352.49002516854785,95.00482271950139,295.487131536847,35.18114321030779,0.6471386174953109,0.5063240672654428,60.409882427704346
STARLINK-5322,2026-02-18T08:06:49.084067,2026-02-18T08:14:49.084067,480.0,349.25117106860614,89.63779793904284,295.46849230518046,34.38404932680112,0.48799917101783624,0.47816126219803945,148.73969073324804
STARLINK-30824,2026-02-18T08:11:19.084067,2026-02-18T08:19:34.084067,495.0,352.4441555908382,95.02127586251571,295.43139007332877,35.32255862569538,0.6704567560446673,0.5048008277357483,51.87086778645664
STARLINK-5767,2026-02-18T08:30:19.084067,2026-02-18T08:38:34.084067,495.0,352.44108880943713,95.42478085001686,295.186220299427,33.17357191056023,0.4564019278215204,0.49845854199332407,174.0393625749859
STARLINK-5728,2026-02-18T08:20:19.084067,2026-02-18T08:28:34.084067,495.0,352.19741345975734,95.10668926172886,295.13339990272004,35.39260315662631,0.6892719446743977,0.5050583360174552,41.98160453771785
STARLINK-30154,2026-02-18T09:14:19.084067,2026-02-18T09:22:34.084067,495.0,352.21701363890526,95.16727742876394,295.1166471816469,35.29236288626752,0.6496994918835178,0.5035134302108765,50.274823073361816
STARLINK-30793,2026-02-18T08:21:19.084067,2026-02-18T08:29:34.084067,495.0,352.28008957226587,95.459463147084,295.00441168401545,33.651509334760156,0.48386521060519244,0.49856643538717527,150.6516650631485
STARLINK-1281,2026-02-18T07:57:19.084067,2026-02-18T08:05:19.084067,480.0,348.3053092856653,89.53987059167295,294.58138693066155,34.936655633587954,0.6125732561235945,0.49377187342899986,75.25162599149384
STARLINK-30760,2026-02-18T08:16:19.084067,2026-02-18T08:24:34.084067,495.0,351.7951904588085,95.42677430597496,294.53912587522353,34.97460106026784,0.6033870626419782,0.5024255631810263,71.17531572243618
STARLINK-1276,2026-02-18T08:13:49.084067,2026-02-18T08:21:49.084067,480.0,347.9726508880541,90.0474915372011,293.94415596573344,30.75434047195792,0.34853450953660614,0.4900885422825987,281.15876104960813
STARLINK-3588,2026-02-18T08:00:04.084067,2026-02-18T08:07:49.084067,465.0,344.3667665736144,84.15129437152837,293.87598995069743,31.898012268838393,0.3886134774124711,0.472890386401981,242.7105680756338
STARLINK-3811,2026-02-18T09:02:49.084067,2026-02-18T09:10:34.084067,465.0,343.93882293622136,84.37728856111092,293.3124497995548,31.156610842146872,0.35467715784676074,0.4728365730053138,276.15139736557893
STARLINK-5085,2026-02-18T08:00:34.084067,2026-02-18T08:08:49.084067,495.0,350.63079544536146,95.75346224525583,293.178718098208,35.33129759145247,0.683667163741081,0.50693841486055,34.67164227183163
STARLINK-5245,2026-02-18T07:42:34.084067,2026-02-18T07:49:49.084067,435.0,336.3196251746754,72.2454740390218,292.9723407512623,32.47822861585913,0.3560039940508849,0.4276891254858094,275.6442423802817
STARLINK-6351,2026-02-18T09:12:34.084067,2026-02-18T09:20:49.084067,495.0,350.28212708333564,95.91084189954508,292.7356219436086,35.3968291480778,0.6970790617563665,0.5053619364522923,21.587932674471432
STARLINK-3659,2026-02-18T08:15:04.084067,2026-02-18T08:22:49.084067,465.0,343.3741482381111,84.65058465733345,292.58379744371103,31.189327421768443,0.35595471503253756,0.4727519220671971,275.81302383466993
STARLINK-2105,2026-02-18T09:26:49.084067,2026-02-18T09:34:49.084067,480.0,346.86673549491456,90.53537850065867,292.54550839451935,32.26763877994502,0.41887736564294054,0.4890802728178897,212.3881734222853
STARLINK-4171,2026-02-18T07:55:49.084067,2026-02-18T08:03:34.084067,465.0,343.27630618479714,84.70137558444956,292.4554808341274,31.4424793447458,0.3661427405290023,0.47237546654237017,265.551576244179
STARLINK-2728,2026-02-18T09:32:04.084067,2026-02-18T09:39:49.084067,465.0,343.1857859247834,84.74907690333922,292.3363397827799,34.33313679653804,0.4968815335725592,0.46727952949526774,155.58702913668313
STARLINK-4111,2026-02-18T07:58:19.084067,2026-02-18T08:06:04.084067,465.0,343.10140435828066,84.70802960755768,292.27658659374606,33.67241973118126,0.47679173185790186,0.47194215140111473,168.01601983817963
STARLINK-4048,2026-02-18T09:18:04.084067,2026-02-18T09:25:49.084067,465.0,343.00951804212156,84.7876566545517,292.13692404939053,33.109420536642354,0.44515442997161475,0.4716843869998245,194.43078477927102
STARLINK-4178,2026-02-18T08:58:34.084067,2026-02-18T09:06:19.084067,465.0,342.9386830488999,84.8374571065873,292.0362087849475,32.1856904041101,0.399747024584965,0.4726268417016336,232.38414002202606
STARLINK-4184,2026-02-18T08:36:49.084067,2026-02-18T08:44:49.084067,480.0,346.31937714949606,90.64978257513755,291.9295076044135,31.62001945576603,0.40368641859596865,0.4947738281504811,227.8618751953864
STARLINK-2047,2026-02-18T08:10:04.084067,2026-02-18T08:17:49.084067,465.0,342.9017573699028,84.99266755674759,291.90615683585423,31.99996298033657,0.3737824537503461,0.46715810339879094,257.89946211769967
STARLINK-3679,2026-02-18T09:03:19.084067,2026-02-18T09:11:19.084067,480.0,346.3653017442633,90.77195919977888,291.902126224396,32.17835488363369,0.4122782649014979,0.4885527211348426,218.22747949493632
STARLINK-4193,2026-02-18T08:01:19.084067,2026-02-18T08:09:04.084067,465.0,342.76007474040455,84.83092423840012,291.8615201973645,34.006859455740916,0.4990398843520509,0.47268798285303704,152.12976464446413
STARLINK-4207,2026-02-18T08:17:49.084067,2026-02-18T08:25:34.084067,465.0,342.7354825402154,84.91779305506182,291.7848067071783,32.862368690222254,0.43327364771079346,0.47221710900499514,204.08669779075322
STARLINK-2134,2026-02-18T09:21:19.084067,2026-02-18T09:29:19.084067,480.0,346.1642211636521,90.64026120715623,291.78006443935834,34.542140584097716,0.5718842846114913,0.49144449782721056,95.29725365710705
STARLINK-4126,2026-02-18T08:42:19.084067,2026-02-18T08:50:19.084067,480.0,346.08197509132896,90.5601638430405,291.74587678550466,33.953069626472214,0.5520364825840753,0.49677592974492124,113.31475959728209
STARLINK-4174,2026-02-18T09:20:34.084067,2026-02-18T09:28:19.084067,465.0,342.6464786208296,84.9985427169744,291.647352990645,32.04009515569625,0.3907864333445821,0.47191307595507404,240.68879622173569
STARLINK-30259,2026-02-18T08:16:34.084067,2026-02-18T08:24:19.084067,465.0,342.55613933543356,84.90694951978304,291.6119696235637,35.03064356034382,0.555019306911224,0.47038003813808704,113.4697056485273
STARLINK-2755,2026-02-18T09:26:34.084067,2026-02-18T09:34:19.084067,465.0,342.5565077908364,85.16213566317754,291.4592263929299,31.726154932700755,0.3629530087745204,0.4672571752217084,269.54293571418526
STARLINK-3798,2026-02-18T09:23:19.084067,2026-02-18T09:31:04.084067,465.0,342.37338599061843,84.93831382308471,291.41039769676763,34.50228520088717,0.5396240889427879,0.474311692088381,124.68968020900294
STARLINK-4051,2026-02-18T09:15:04.084067,2026-02-18T09:22:49.084067,465.0,342.3791563358606,84.95053256583041,291.4088367963624,34.49756164680761,0.5367308830925261,0.47375055055323456,126.44725880953652
STARLINK-4261,2026-02-18T08:58:49.084067,2026-02-18T09:06:49.084067,480.0,345.72600926517254,90.90315295226607,291.1841174938129,31.383663630717606,0.3949280668507285,0.4956229219824385,236.8104237210543
STARLINK-4274,2026-02-18T08:53:19.084067,2026-02-18T09:01:19.084067,480.0,345.63556930896516,90.77924755496772,291.16802077598453,33.7686934767658,0.537803901574469,0.4967591602274083,121.95022926391432
STARLINK-30261,2026-02-18T08:10:19.084067,2026-02-18T08:18:19.084067,480.0,345.64662819612875,91.12575960674357,290.9711724320826,32.5584058773039,0.42260246754213276,0.48598376778202923,207.75943304106525
STARLINK-4180,2026-02-18T09:04:04.084067,2026-02-18T09:11:49.084067,465.0,341.97557898719873,85.10503573950994,290.91255754349277,34.71948595939675,0.5543959853500161,0.47449388581986396,115.25399313045263
STARLINK-4092,2026-02-18T09:34:34.084067,2026-02-18T09:42:19.084067,465.0,342.01962315978994,85.19423278187054,290.9030834906676,33.77922056843529,0.48686101647906044,0.4728560433395782,163.7077459335605
STARLINK-4087,2026-02-18T08:03:49.084067,2026-02-18T08:11:34.084067,465.0,341.9461198896823,85.32130084183903,290.75333938457885,30.77629515291462,0.34057870593607226,0.47354810642422807,293.7835122768048
STARLINK-4170,2026-02-18T08:28:19.084067,2026-02-18T08:36:19.084067,480.0,345.1096665593708,90.71676877343646,290.67960529530893,34.96955326862974,0.6792375954076932,0.5018520310739996,39.619789116133674
STARLINK-3697,2026-02-18T09:06:04.084067,2026-02-18T09:13:49.084067,465.0,341.70569311404284,85.38379361969793,290.4754169422241,32.676538521613764,0.42658212952500596,0.47348376978669104,210.3589997072549
STARLINK-4200,2026-02-18T08:12:19.084067,2026-02-18T08:20:04.084067,465.0,341.542817500155,85.23381182840784,290.40253040311035,35.130671230524854,0.5869105090234198,0.4758937518980164,91.27425822413005
STARLINK-3677,2026-02-18T09:08:49.084067,2026-02-18T09:16:49.084067,480.0,345.05946655057176,91.15064179515777,290.3690814734771,34.3465389374328,0.5519452039640218,0.49099400804696747,110.1257299134
STARLINK-2049,2026-02-18T09:15:49.084067,2026-02-18T09:23:49.084067,480.0,344.8896456588908,90.98616427686713,290.2979470927705,35.40676936017505,0.6673624136606907,0.49522516775157766,21.706859992311674
STARLINK-4104,2026-02-18T07:52:49.084067,2026-02-18T08:00:34.084067,465.0,341.1728169641153,85.267617501551,290.01224646318474,35.69297565948992,0.6689198772564476,0.4785910802284885,47.14605294537
STARLINK-3308,2026-02-18T08:40:34.084067,2026-02-18T08:48:34.084067,480.0,344.78848796230614,91.29938251799874,290.0088584515069,32.2433329707796,0.43765070464907696,0.495174308734027,197.62389798146506
STARLINK-5447,2026-02-18T09:00:04.084067,2026-02-18T09:08:04.084067,480.0,344.74881903677556,91.27621564091882,289.9830896522243,33.043826809474425,0.4790024751292362,0.4949876664003605,160.76780719322514
STARLINK-3583,2026-02-18T07:43:19.084067,2026-02-18T07:51:19.084067,480.0,344.689733033048,91.19352550203448,289.97361773182735,33.9982332169429,0.5550370900279302,0.49651771463548877,108.9494902309897
STARLINK-3571,2026-02-18T08:26:04.084067,2026-02-18T08:33:49.084067,465.0,341.0702171618536,85.3319300072347,289.8710591575128,35.65252022769195,0.6627240718816356,0.47821193771571113,53.97722848041744
STARLINK-3334,2026-02-18T07:59:34.084067,2026-02-18T08:07:19.084067,465.0,341.0991848254959,85.71243703189808,289.6717226063571,32.33318272337228,0.40142209146343993,0.4723348732145305,229.8644565298289
STARLINK-4211,2026-02-18T08:06:49.084067,2026-02-18T08:14:34.084067,465.0,340.8878763605123,85.38724787058393,289.6555276381619,35.73864381224622,0.6789403686862622,0.47885253720690624,46.06738898936493
STARLINK-3618,2026-02-18T08:19:04.084067,2026-02-18T08:26:49.084067,465.0,341.03813572980033,85.72465613135903,289.6033420509849,33.19607382487516,0.4479099370702506,0.47147469992174473,193.11929178825045
STARLINK-4179,2026-02-18T09:09:34.084067,2026-02-18T09:17:19.084067,465.0,340.80913713033596,85.37653713617652,289.58321484863006,35.87020621140742,0.7228837573862908,0.47981037374053226,29.3402091863707
STARLINK-3346,2026-02-18T08:21:34.084067,2026-02-18T08:29:19.084067,465.0,341.02310040067096,85.77324475978946,289.55915354479725,31.75156656316812,0.37688239883453245,0.47202508324628256,255.84348339537553
STARLINK-4036,2026-02-18T09:29:04.084067,2026-02-18T09:36:49.084067,465.0,340.75473782092917,85.47309362638184,289.47088164510006,35.668563060584155,0.666438269883756,0.47839337208216137,54.28835309588667
STARLINK-5422,2026-02-18T09:16:34.084067,2026-02-18T09:24:34.084067,480.0,344.3512812416558,91.51192955131678,289.4441235108657,31.328842153822734,0.39247009494392254,0.49566433883271266,238.88858415036594
STARLINK-3827,2026-02-18T09:28:49.084067,2026-02-18T09:36:34.084067,465.0,340.6987909663946,85.42474826790028,289.44394200565443,35.86593621721012,0.7240244440554715,0.47994765488366364,29.75185627249009
STARLINK-5450,2026-02-18T08:54:34.084067,2026-02-18T09:02:34.084067,480.0,344.2991010465738,91.54817034008857,289.37019884252067,30.587269826126263,0.35701436722870783,0.4958012318720054,272.8295780235508
STARLINK-3341,2026-02-18T08:05:04.084067,2026-02-18T08:12:49.084067,465.0,340.7601442239531,85.6661566507087,289.3604502335279,34.753570853702996,0.5546854363520762,0.474850275515031,117.97503527725205
STARLINK-3805,2026-02-18T09:21:49.084067,2026-02-18T09:29:34.084067,465.0,340.7581583640091,85.80466289917415,289.27536062450463,33.55295968594483,0.47348912582764247,0.4728043611491023,175.24347804317136
STARLINK-3567,2026-02-18T07:54:19.084067,2026-02-18T08:02:19.084067,480.0,343.93674237026147,91.5404983406929,289.01244336584574,33.70584362020496,0.5317693266439582,0.49659167076299215,125.00314286596897
STARLINK-3834,2026-02-18T09:16:19.084067,2026-02-18T09:24:04.084067,465.0,340.5018557632794,85.99942403571963,288.9022013418477,31.3096589135463,0.3617978748075535,0.4732811168826425,272.0263429178026
STARLINK-3302,2026-02-18T08:46:04.084067,2026-02-18T08:54:04.084067,480.0,343.7707604232176,91.47575790093185,288.8853056826585,34.55690734000775,0.6161166345354109,0.49878193305308727,70.58844907005046
STARLINK-5424,2026-02-18T08:54:49.084067,2026-02-18T09:02:34.084067,465.0,340.3886655814381,85.93862280930672,288.82549189585404,33.99434866180589,0.5016488496736119,0.4732815659736165,154.01975074089668
STARLINK-3808,2026-02-18T09:32:49.084067,2026-02-18T09:40:34.084067,465.0,340.2594094265267,85.82992641018723,288.76145358041435,35.152417597324494,0.5826608478663562,0.4760828499180134,96.36565715137736
STARLINK-3320,2026-02-18T08:57:04.084067,2026-02-18T09:05:04.084067,480.0,343.6281380260767,91.75596405812826,288.5745595911998,32.994833870668984,0.47864776367575573,0.49530132315527997,163.5811952789789
STARLINK-4112,2026-02-18T09:00:19.084067,2026-02-18T09:08:04.084067,465.0,340.21276244941896,86.13042042800598,288.53451019261536,31.298435143292487,0.36218777463796925,0.473447670591409,271.9257484725537
STARLINK-3295,2026-02-18T08:51:34.084067,2026-02-18T08:59:34.084067,480.0,343.21291895413935,91.63972332225254,288.2290849607878,34.841992085484094,0.6487374381531691,0.5001780293346346,46.35278390747144
STARLINK-5433,2026-02-18T08:41:04.084067,2026-02-18T08:48:49.084067,465.0,339.87120624283125,86.28494637892297,288.10023841547746,31.06234529198338,0.3532964050510013,0.47383177082878547,281.2265346694502
STARLINK-3699,2026-02-18T09:14:19.084067,2026-02-18T09:22:19.084067,480.0,343.09423611931004,91.72789530330472,288.0574989373272,35.41341915952825,0.7056842538265277,0.496216761695203,27.165521328155897
STARLINK-3545,2026-02-18T08:24:34.084067,2026-02-18T08:32:19.084067,465.0,339.5992778873932,86.089146610613,287.94578992102544,35.39078591606114,0.618407718197776,0.4769336508934091,79.3215379470868
STARLINK-5421,2026-02-18T08:35:34.084067,2026-02-18T08:43:19.084067,465.0,339.3913921353078,86.4183550497668,287.5403791054477,33.59554395045524,0.478913599246314,0.47363267309032253,168.04125834820417
STARLINK-5448,2026-02-18T09:11:04.084067,2026-02-18T09:19:04.084067,480.0,342.66815555550045,91.91756074558452,287.51761910814974,34.62056234869933,0.624872771014982,0.4994582222605569,67.33792174887087
STARLINK-3330,2026-02-18T08:58:34.084067,2026-02-18T09:06:19.084067,465.0,339.30305206730065,86.55639229803276,287.369216688481,32.68330565588255,0.42232733871122896,0.4715057152057237,212.26167159341716
STARLINK-5452,2026-02-18T09:05:34.084067,2026-02-18T09:13:34.084067,480.0,342.50664696376555,91.93710914737369,287.3443814753413,34.8428835642993,0.650871552288085,0.5001982464986249,49.73483765116218
STARLINK-3234,2026-02-18T08:10:34.084067,2026-02-18T08:18:19.084067,465.0,339.0576302650634,86.20241043400983,287.33618400465747,35.84794612346427,0.7093778149767522,0.47969248028560385,49.9557024418165
STARLINK-4185,2026-02-18T08:22:49.084067,2026-02-18T08:30:34.084067,465.0,339.169798410276,86.50688900819364,287.2656650053598,33.99766843935873,0.5003532612744788,0.47327166057034986,149.9892985394434
STARLINK-4145,2026-02-18T08:39:19.084067,2026-02-18T08:47:04.084067,465.0,339.13791483007105,86.6224339756807,287.1644544446626,32.875501790100195,0.4329014069092034,0.4716039918187952,203.29641768595147
STARLINK-3574,2026-02-18T07:48:49.084067,2026-02-18T07:56:49.084067,480.0,342.26086351675315,91.93588028059126,287.09933534839837,35.13549522685301,0.7258774829610299,0.5021761337296364,12.399559251439932
STARLINK-3820,2026-02-18T09:27:19.084067,2026-02-18T09:35:04.084067,465.0,338.8452202034027,86.32711184137918,287.04895309857517,35.77678833707091,0.6923262252270054,0.4791645718215477,51.26422406582361
STARLINK-3563,2026-02-18T08:30:04.084067,2026-02-18T08:37:49.084067,465.0,338.7257561605725,86.42779915085492,286.86907667005954,35.627183789804945,0.6607585204062596,0.47829885415640616,58.734757095267305
STARLINK-4116,2026-02-18T07:47:04.084067,2026-02-18T07:55:04.084067,480.0,341.8183774757332,92.27232797599059,286.4549806901388,34.59606965359021,0.6223535090292054,0.49974781108792155,71.18084400178003
STARLINK-4046,2026-02-18T09:23:19.084067,2026-02-18T09:31:19.084067,480.0,341.81949704210774,92.27637356959542,286.4536729003505,34.562245552878274,0.6180921059546243,0.4996608026936681,74.02958407662814
STARLINK-4140,2026-02-18T09:34:04.084067,2026-02-18T09:41:49.084067,465.0,338.41911514148774,86.95354720375079,286.24698681923724,31.04757953843367,0.35262845796929704,0.47388223640249105,279.54072433464523
STARLINK-35082,2026-02-18T08:59:49.084067,2026-02-18T09:07:34.084067,465.0,337.51321030366245,87.04835909132603,285.28419484886683,31.863517418602864,0.42450408253075106,0.48757178317812244,225.27286010897984
STARLINK-34314,2026-02-18T09:16:49.084067,2026-02-18T09:24:34.084067,465.0,337.35641187215,87.09286285888287,285.1006941568203,32.17226470752294,0.44382180324262294,0.4881166866304991,210.52896221490394
STARLINK-34726,2026-02-18T08:25:04.084067,2026-02-18T08:32:49.084067,465.0,337.23152951823965,86.91418105809123,285.0830208833849,34.27884560328977,0.5943643488500335,0.49147675090724285,97.89752359254227
STARLINK-4464,2026-02-18T09:16:04.084067,2026-02-18T09:23:49.084067,465.0,337.4683172504283,87.31111409133518,285.0816487956272,31.381216088834847,0.37368230319646845,0.4783886269454085,270.86742593253433
STARLINK-34956,2026-02-18T08:50:04.084067,2026-02-18T08:57:34.084067,450.0,333.7320999551928,81.25819674103377,284.97718191057254,34.19456432279443,0.5229707525607865,0.4652505929086387,144.85513500738674
STARLINK-34578,2026-02-18T07:44:34.084067,2026-02-18T07:52:04.084067,450.0,333.4709927232314,81.1964890608213,284.75309928673863,35.25288490010841,0.6189821844005045,0.46900843071256304,85.05004477097032
STARLINK-4472,2026-02-18T09:24:19.084067,2026-02-18T09:32:04.084067,465.0,337.01638941088066,87.15221148833133,284.72506251788184,35.42095927310846,0.6517531928308904,0.48273150963626277,64.73475032108058
STARLINK-35054,2026-02-18T08:55:49.084067,2026-02-18T09:03:34.084067,465.0,336.83456156493185,87.19853739082552,284.51543913043656,33.65882580212176,0.5413991868375476,0.4896457014144743,137.91830155187102
STARLINK-34738,2026-02-18T08:17:19.084067,2026-02-18T08:24:49.084067,450.0,333.2300334330456,81.44039056432155,284.36579909445265,34.69106463377804,0.5640941802203722,0.4663748620527334,117.35939093224657
STARLINK-34927,2026-02-18T09:05:49.084067,2026-02-18T09:13:19.084067,450.0,333.31407316806514,81.60684626936424,284.3499654064466,31.679324798701643,0.38515185961273946,0.4639058884480237,260.3257751576722
STARLINK-4467,2026-02-18T09:31:49.084067,2026-02-18T09:39:34.084067,465.0,336.8414074282629,87.49824426141346,284.34246087141486,34.14475287259205,0.5159328422558996,0.4773553148679649,142.2199175076061
STARLINK-4473,2026-02-18T09:21:19.084067,2026-02-18T09:29:04.084067,465.0,336.56766242693453,87.5886750059275,284.014457423378,34.32481191447637,0.5329150689793122,0.4781684223265147,131.06439626512204
STARLINK-34690,2026-02-18T07:56:19.084067,2026-02-18T08:03:49.084067,450.0,332.9291801390008,81.79019458878346,283.8550633857307,32.2464644603476,0.41145702685132896,0.46345848286510294,235.2919594583972
STARLINK-34654,2026-02-18T07:48:19.084067,2026-02-18T07:56:04.084067,465.0,336.1639918977297,87.21407462265611,283.83554712413604,35.051542140695936,0.7111628625093014,0.4946088488481333,41.04965640934828
STARLINK-35282,2026-02-18T08:34:19.084067,2026-02-18T08:41:49.084067,450.0,332.66308732291566,81.7923452898164,283.5876801490258,34.407138751780955,0.5328279684448233,0.46448194957330424,133.7947564611782
STARLINK-35007,2026-02-18T09:07:04.084067,2026-02-18T09:14:34.084067,450.0,332.53269406441893,81.92125411953512,283.37994159269783,33.64221220010452,0.48009045783329435,0.4634778594647846,172.72933441381306
STARLINK-34811,2026-02-18T08:48:04.084067,2026-02-18T08:55:34.084067,450.0,332.37706736341244,81.75962746127921,283.32129088664493,35.28594482500173,0.6225758676710362,0.4681287022464229,79.34245683085013
STARLINK-34719,2026-02-18T08:29:04.084067,2026-02-18T08:36:34.084067,450.0,332.40040032351027,82.01577228540089,283.19093695226974,33.08364516555177,0.4516853764629098,0.46330294249134285,198.46598182780824
STARLINK-35002,2026-02-18T09:22:49.084067,2026-02-18T09:30:19.084067,450.0,332.17844020342363,82.14123264721512,282.8937006150946,31.97103932036725,0.3998718383052156,0.4642019570665107,246.608897097196
STARLINK-34742,2026-02-18T08:13:19.084067,2026-02-18T08:20:49.084067,450.0,332.16374438575747,82.12701200470043,282.8875371829372,32.54064222114344,0.42826689520262357,0.4643580057989176,220.3293428240705
STARLINK-34339,2026-02-18T09:09:04.084067,2026-02-18T09:16:34.084067,450.0,331.93343547457005,81.78396453025975,282.8630567564142,35.97838586385783,0.74671305085726,0.4717182148208984,18.928147605052526
STARLINK-35227,2026-02-18T08:46:04.084067,2026-02-18T08:53:34.084067,450.0,332.1030909168635,82.11919040073626,282.8315766764217,33.46383322094302,0.47379402380895924,0.4641772431046879,179.5678287595495
STARLINK-35009,2026-02-18T07:42:34.084067,2026-02-18T07:50:04.084067,450.0,331.8972527383498,81.79020746532049,282.8231282591575,35.89597979931019,0.7358024475692896,0.4725232093201511,26.14415764367514
STARLINK-4566,2026-02-18T09:22:49.084067,2026-02-18T09:30:19.084067,450.0,332.05709175996805,82.16521394508071,282.75796339291963,33.06238167368468,0.4528564326099673,0.4639645854620955,198.22893254014267
STARLINK-34949,2026-02-18T08:46:04.084067,2026-02-18T08:53:34.084067,450.0,331.91802290277866,82.2579305321501,282.5632645834886,31.906682480034164,0.398093275405133,0.4646281619159951,248.42240753496654
STARLINK-4466,2026-02-18T09:26:34.084067,2026-02-18T09:34:19.084067,465.0,335.2535585350575,87.85797428093136,282.5387739664987,35.75813690831042,0.7256547572541134,0.4842791006259626,21.11496168822137
STARLINK-35414,2026-02-18T08:15:19.084067,2026-02-18T08:22:49.084067,450.0,331.7149061874549,81.96751510750865,282.5343971229497,35.69729263728011,0.6721702351527152,0.4705092708806946,44.3157434219454
STARLINK-35344,2026-02-18T08:50:04.084067,2026-02-18T08:57:34.084067,450.0,331.72247656151234,82.35251278386922,282.3109688911908,31.047201859858966,0.36030660752686505,0.46541973062116837,285.9040369289342
STARLINK-34928,2026-02-18T08:57:49.084067,2026-02-18T09:05:34.084067,465.0,334.7043248358658,87.91325972420267,281.9563690013442,34.802474053547925,0.6671419362979697,0.49416958461262894,73.3906810078869
STARLINK-35005,2026-02-18T07:46:19.084067,2026-02-18T07:54:04.084067,465.0,334.7545291145864,88.02536805006139,281.93930828454955,34.30280627863722,0.589963687347758,0.4914860159113221,102.13034021036275
STARLINK-34540,2026-02-18T08:42:04.084067,2026-02-18T08:49:49.084067,465.0,334.66679725408454,88.00383872366335,281.86449401988654,34.499448206033236,0.6181651686072386,0.4928620069903433,89.12904790608201
STARLINK-4438,2026-02-18T09:30:34.084067,2026-02-18T09:38:19.084067,465.0,334.5833495171019,87.90231165811794,281.84196252223114,35.01638797512223,0.7134713484608389,0.4953600952799023,55.57745315334748
STARLINK-35285,2026-02-18T08:19:04.084067,2026-02-18T08:26:49.084067,465.0,334.52341382595006,88.04019201323194,281.6992986180109,34.7217727556862,0.6474989134132446,0.49297516296249055,76.94314539745565
STARLINK-34263,2026-02-18T09:12:49.084067,2026-02-18T09:20:34.084067,465.0,334.5421522550174,88.12916464213342,281.66465346973735,34.14635518098477,0.5826208580529163,0.49166586561992687,107.97253700085825
STARLINK-35246,2026-02-18T08:30:19.084067,2026-02-18T08:37:49.084067,450.0,330.9754473773277,82.71121815463195,281.34871648454856,32.18237197353318,0.4064380197192856,0.4636961810031015,240.07732691687605
STARLINK-35047,2026-02-18T08:11:19.084067,2026-02-18T08:18:49.084067,450.0,330.9040807742207,82.61909115023566,281.33262608407927,34.09813878006458,0.5174501231919094,0.465467272166479,148.67067719105307
STARLINK-34348,2026-02-18T09:05:04.084067,2026-02-18T09:12:34.084067,450.0,330.8546294874442,82.56846359548206,281.31355133015495,34.85556820531668,0.5752201994369883,0.4662957432752972,109.72312763985856
STARLINK-34952,2026-02-18T09:01:49.084067,2026-02-18T09:09:19.084067,450.0,330.8202205311019,82.67329246080014,281.2162450546218,33.942404560809244,0.5058440087122567,0.4651916009167878,156.87525889477593
STARLINK-34682,2026-02-18T07:52:19.084067,2026-02-18T07:59:49.084067,450.0,330.60231797605525,82.73379991775171,280.96203802540424,34.44539982002973,0.5424778054383982,0.4656064579227358,132.75951443721883
STARLINK-34872,2026-02-18T09:14:49.084067,2026-02-18T09:22:34.084067,465.0,333.87269377850333,88.25820770736958,280.9177691540816,34.95411267538999,0.6904377816884716,0.494346165627516,55.824322396466314
STARLINK-4363,2026-02-18T09:35:19.084067,2026-02-18T09:42:34.084067,435.0,327.1094393626536,77.054806301947,280.8765555814854,33.38555589701004,0.40080449984729494,0.4308791692552094,242.09949898839017
STARLINK-35406,2026-02-18T08:27:04.084067,2026-02-18T08:34:34.084067,450.0,330.5375173343405,82.91398847215328,280.7891242510486,31.36897730757133,0.37303144943696886,0.4648508515242741,273.81523346817175
STARLINK-34985,2026-02-18T08:44:04.084067,2026-02-18T08:51:34.084067,450.0,330.49483883707444,82.86920600928727,280.77331523150207,33.40658792802461,0.4731608187668183,0.464558987918096,184.2079056971165
STARLINK-35015,2026-02-18T09:18:49.084067,2026-02-18T09:26:19.084067,450.0,330.41336886603517,82.84238125129548,280.7079401152579,34.24839742462273,0.5268044122154247,0.46526520404948746,144.42740273533144
STARLINK-4569,2026-02-18T09:26:34.084067,2026-02-18T09:34:19.084067,465.0,333.66055808714475,88.47363988134055,280.5763741583404,34.45217736934116,0.6155063729031327,0.492262689135865,87.15563219476539
STARLINK-35083,2026-02-18T08:51:49.084067,2026-02-18T08:59:34.084067,465.0,333.5352310598743,88.38139406287725,280.506394622148,35.03235229403109,0.7113582781804795,0.4948383098666691,47.944064208358455
STARLINK-35050,2026-02-18T07:50:19.084067,2026-02-18T07:57:49.084067,450.0,330.2554946572717,82.99497123746846,280.4585119147906,33.07303817734973,0.4554910265469198,0.4645904950833527,199.28571432164958
STARLINK-33793,2026-02-18T09:01:04.084067,2026-02-18T09:08:34.084067,450.0,330.2383606979905,83.025398301676,280.4231217169849,32.69552113917832,0.43392564462277494,0.46423512015578994,217.30869887869605
STARLINK-34926,2026-02-18T08:53:49.084067,2026-02-18T09:01:34.084067,465.0,333.49863300841656,88.46817540801226,280.4177277636092,34.782001889353424,0.6621903643948659,0.4936096604430803,65.10875187832013
STARLINK-35357,2026-02-18T08:23:04.084067,2026-02-18T08:30:34.084067,450.0,330.20562980496953,82.98487766844916,280.41470320390005,33.754449171469965,0.49217773461117253,0.4645621845115584,169.47489316058946
STARLINK-35000,2026-02-18T09:10:49.084067,2026-02-18T09:18:34.084067,465.0,333.40073062685707,88.56510313215132,280.26166874756626,34.64813991095666,0.6387022322384355,0.49234822488596564,73.59150818274622
STARLINK-4452,2026-02-18T09:18:49.084067,2026-02-18T09:26:19.084067,450.0,330.10315008115407,83.10302257536199,280.24133653593685,30.751673142927444,0.3489125774740624,0.46604092787597584,299.94638568159615
STARLINK-3681,2026-02-18T09:10:34.084067,2026-02-18T09:18:04.084067,450.0,329.9863854595219,83.08349639728456,280.13628762115115,30.67586542553272,0.35744325560059165,0.46805735837953766,278.571593356964
STARLINK-34613,2026-02-18T09:03:04.084067,2026-02-18T09:10:34.084067,450.0,329.9851329364771,83.17396580793321,280.08075345171716,31.278058749857486,0.36775182296018055,0.46473752135889324,279.55659460000174
STARLINK-1231,2026-02-18T08:13:49.084067,2026-02-18T08:21:19.084067,450.0,329.81692448273486,83.0131022232178,280.00906314880416,32.80886655911692,0.4750150352564939,0.4716618533234517,175.4158321447104
STARLINK-34740,2026-02-18T08:21:04.084067,2026-02-18T08:28:49.084067,465.0,332.8716862101124,88.65219440741922,279.68036956566084,35.12000476234182,0.73533318816124,0.4951178205632977,34.04567869624795
STARLINK-34580,2026-02-18T08:07:19.084067,2026-02-18T08:14:49.084067,450.0,329.56875225460556,83.34413548909137,279.5622709611507,31.80104056108446,0.3914905485599765,0.46531064579488945,255.2908329200056
STARLINK-35120,2026-02-18T08:38:04.084067,2026-02-18T08:45:49.084067,465.0,332.6458195961229,88.77739060771394,279.37938523149455,35.01842552529439,0.7023541938259037,0.4947407373607702,39.14323667535235
STARLINK-3242,2026-02-18T07:42:34.084067,2026-02-18T07:48:19.084067,345.0,300.3221149786953,36.21454121316413,278.59339025079686,37.41692422613136,0.4284771194020458,0.3377278560032613,205.2576515374934
STARLINK-34931,2026-02-18T08:40:04.084067,2026-02-18T08:47:34.084067,450.0,328.6152618330144,83.7775932753812,278.3487058677857,30.981129551827888,0.35864198310033996,0.46640909131561137,291.20725799792405
STARLINK-2497,2026-02-18T08:44:49.084067,2026-02-18T08:52:04.084067,435.0,324.4978985973042,77.70856082286932,277.8727621035826,30.352638564128764,0.368274704813864,0.46338432737610624,271.7188050820634
STARLINK-1017,2026-02-18T08:25:19.084067,2026-02-18T08:32:49.084067,450.0,327.72452874975204,83.5181156676429,277.6136593491663,34.16379333772602,0.6464187627004152,0.485571178802799,76.95901828284231
STARLINK-32805,2026-02-18T08:59:34.084067,2026-02-18T09:06:49.084067,435.0,323.50707484918644,77.89854372823154,276.7679486122475,33.84831455544393,0.6003865501755538,0.4693490989710176,106.17973835282503
STARLINK-31798,2026-02-18T08:12:49.084067,2026-02-18T08:20:04.084067,435.0,323.2630832373688,77.95233895042347,276.4916798671147,34.261973341942266,0.6421397178871564,0.47061470789018356,82.7687774697044
STARLINK-32482,2026-02-18T09:05:49.084067,2026-02-18T09:13:04.084067,435.0,323.0847969028913,78.28546646198933,276.1135170256977,31.41670645800246,0.43440425858774023,0.4671755210549773,214.82195100633967
STARLINK-1434,2026-02-18T08:49:49.084067,2026-02-18T08:57:19.084067,450.0,326.40525918511463,84.2770819976136,275.83900998654644,32.10379295862732,0.484970031108509,0.4856481694897974,169.78000071341836
STARLINK-31191,2026-02-18T09:34:04.084067,2026-02-18T09:41:19.084067,435.0,322.85675554609935,78.39023547882853,275.8226142588022,31.677628735957008,0.4478324268773849,0.46705215172225667,204.9271612314763
STARLINK-35699,2026-02-18T07:42:34.084067,2026-02-18T07:49:34.084067,420.0,319.01285405881595,72.43752268180137,275.55034044973513,32.308066580775794,0.44257284471880826,0.4435765596443322,211.7624494802293
STARLINK-31505,2026-02-18T08:36:34.084067,2026-02-18T08:43:49.084067,435.0,322.6225159695866,78.54850078069349,275.4934155011705,30.294464900331068,0.37646448165674745,0.466810623019807,262.4589307078067
STARLINK-33854,2026-02-18T08:33:34.084067,2026-02-18T08:40:49.084067,435.0,322.46953009724876,78.39240652759057,275.4340861806944,33.886622393780286,0.6004638117559632,0.46957927540363764,106.74433911294553
STARLINK-32468,2026-02-18T09:23:19.084067,2026-02-18T09:30:34.084067,435.0,322.4356835784539,78.34899925398967,275.4262840260601,34.208346542697356,0.6384252835777892,0.470954129988715,86.20549832937469
STARLINK-32780,2026-02-18T08:57:34.084067,2026-02-18T09:04:49.084067,435.0,322.4444184418646,78.48245434489984,275.3549458349247,33.150172453608874,0.5436041132670831,0.4685454339799261,141.27361140440735
STARLINK-32939,2026-02-18T09:17:49.084067,2026-02-18T09:25:04.084067,435.0,322.1707821507627,78.48257788839095,275.0812354177281,34.159625703537344,0.6315993445621055,0.4708426989578839,90.72757782734087
STARLINK-35834,2026-02-18T07:44:19.084067,2026-02-18T07:51:34.084067,435.0,322.2715646017239,78.72301753125727,275.03775408296957,30.82294807927232,0.3979811779102337,0.4661254443576489,243.85396011752613
STARLINK-33771,2026-02-18T08:41:49.084067,2026-02-18T08:49:04.084067,435.0,321.869240183469,78.8827072968783,274.539615805342,31.633853276759307,0.4434720016665321,0.46649553548464395,210.69469174925504
STARLINK-32796,2026-02-18T09:11:04.084067,2026-02-18T09:18:19.084067,435.0,321.8246825352259,78.82415976998945,274.53018667323227,32.95608835608258,0.5249146426881204,0.4672974153043232,154.55173811583154
STARLINK-31727,2026-02-18T08:18:34.084067,2026-02-18T08:25:49.084067,435.0,321.7734485757238,78.89803766724187,274.4346259753787,32.243688387622825,0.4785805950335996,0.4667726779823743,184.80477693991972
STARLINK-32508,2026-02-18T09:29:04.084067,2026-02-18T09:36:19.084067,435.0,321.61582928459075,78.97760505242289,274.229266253137,32.18944011012409,0.4753957307085488,0.46672766637741625,187.5614829139019
STARLINK-32819,2026-02-18T08:32:34.084067,2026-02-18T08:39:49.084067,435.0,321.60356156947825,79.0131576799499,274.1956669615083,31.43909964894574,0.43313955665214166,0.4667357169688706,217.43974535483224
STARLINK-33604,2026-02-18T08:39:04.084067,2026-02-18T08:46:19.084067,435.0,321.30844844207866,78.75676335999854,274.0543904260795,34.890744104252455,0.7175259769286464,0.47347375457509755,43.37207110469695
STARLINK-32405,2026-02-18T09:07:49.084067,2026-02-18T09:15:04.084067,435.0,321.39060809858876,79.08775420641116,273.9379555747421,31.542218313531375,0.44281964690519626,0.4677994267152116,211.46819503776476
STARLINK-32740,2026-02-18T09:09:04.084067,2026-02-18T09:16:19.084067,435.0,321.2762734356108,79.00174515739822,273.87522634117187,33.65323523539173,0.5777464651343694,0.4689856872870891,122.28758055059042
STARLINK-34193,2026-02-18T08:05:19.084067,2026-02-18T08:12:34.084067,435.0,321.22545364759003,79.05266676660624,273.7938535876263,33.34250235042607,0.555156146783198,0.4687287040077782,137.39440268413082
STARLINK-33898,2026-02-18T08:15:04.084067,2026-02-18T08:22:19.084067,435.0,320.9890752776076,78.88075262044539,273.66062370534036,34.93470417707171,0.7351216781263136,0.47425966152324694,40.06647840559646
STARLINK-32570,2026-02-18T08:04:19.084067,2026-02-18T08:11:34.084067,435.0,321.1468950357189,79.23500431318861,273.60589244780573,31.613249498294614,0.44056764264100395,0.46637928418161867,212.78611963541718
STARLINK-31433,2026-02-18T08:21:04.084067,2026-02-18T08:28:19.084067,435.0,320.84067516377524,78.89165286341333,273.50568344572724,35.117836020662594,0.8030034935390755,0.475511768670699,17.79746153919553
STARLINK-33623,2026-02-18T08:29:19.084067,2026-02-18T08:36:34.084067,435.0,320.8703526432374,79.2015400516744,273.34942861223277,33.403534676106,0.5625984832166567,0.4694665320621497,133.28477361897376
STARLINK-31606,2026-02-18T08:51:34.084067,2026-02-18T08:58:49.084067,435.0,320.7207919901088,79.01515790532635,273.311697246913,34.89835948175694,0.7300270851423372,0.4741870491550225,45.14244210163297
STARLINK-32774,2026-02-18T09:27:04.084067,2026-02-18T09:34:19.084067,435.0,320.8416458926113,79.32405376619681,273.24721363289325,32.157884004715804,0.47802394874752696,0.4678360481562682,187.72529371528844
STARLINK-33717,2026-02-18T08:31:34.084067,2026-02-18T08:38:49.084067,435.0,320.7626008570102,79.29986026642075,273.18268469715775,33.25634470560423,0.5443712041086782,0.4679478438706859,145.84312583447672
STARLINK-33772,2026-02-18T08:54:49.084067,2026-02-18T09:02:04.084067,435.0,320.7446388101395,79.42267050517889,273.0910365070322,30.22216684303538,0.37373220045268674,0.4682960627583662,265.4077478079229
STARLINK-33663,2026-02-18T08:35:19.084067,2026-02-18T08:42:49.084067,450.0,324.0755478537574,84.97444039826526,273.09088361479826,33.692461509200655,0.6615083693483618,0.49403840306039826,70.76701452537212
STARLINK-33826,2026-02-18T08:41:19.084067,2026-02-18T08:48:34.084067,435.0,320.53200966030965,79.09175800445809,273.0769548576348,35.000597386188474,0.7539060060295552,0.4742422675102125,40.281797409004646
STARLINK-31467,2026-02-18T08:26:49.084067,2026-02-18T08:34:04.084067,435.0,320.5236431283965,79.3109023828101,272.9371016987104,33.997194697998005,0.6009505204617038,0.4699699639316516,107.96167747023125
STARLINK-33558,2026-02-18T08:27:49.084067,2026-02-18T08:34:49.084067,420.0,316.9379834118705,73.5757373638018,272.7925409935894,32.52994117053819,0.44630382484632064,0.44092301228889197,202.204723606417
STARLINK-30913,2026-02-18T07:42:34.084067,2026-02-18T07:49:19.084067,405.0,313.05952607488615,67.14943069604094,272.7698676572616,31.052503337481433,0.3824582281915411,0.43148992269102027,261.24102465347
STARLINK-34182,2026-02-18T08:10:34.084067,2026-02-18T08:17:49.084067,435.0,320.4645714973619,79.54096474076763,272.73999265290126,31.786005344973336,0.452869099512326,0.46697068023874166,204.83877507696067
STARLINK-35598,2026-02-18T07:46:49.084067,2026-02-18T07:54:04.084067,435.0,320.1946059289181,79.2448076389459,272.64772134555056,34.85227263152256,0.7355605088990089,0.4751120897773383,46.74032065784126
STARLINK-32746,2026-02-18T09:05:04.084067,2026-02-18T09:12:34.084067,450.0,323.6655170455173,85.07605853203924,272.6198819262937,33.91303207037824,0.6916628847854328,0.4959005331630547,52.46797117455058
STARLINK-33705,2026-02-18T08:47:04.084067,2026-02-18T08:54:19.084067,435.0,320.2867807158432,79.48030253907487,272.59859919239824,33.375432299503956,0.5581794048255748,0.4695127344335758,137.30700885480903
STARLINK-34150,2026-02-18T08:01:34.084067,2026-02-18T08:08:34.084067,420.0,316.77275408833464,73.64033910808517,272.5885506234835,32.62810445194119,0.4532843216364729,0.44167913032392037,196.52732732945236
STARLINK-32957,2026-02-18T09:15:19.084067,2026-02-18T09:22:34.084067,435.0,320.1439326787001,79.4246188009676,272.4891613981195,34.2396608402481,0.6327828095067976,0.47172223453581064,93.8894437650101
STARLINK-32526,2026-02-18T09:21:49.084067,2026-02-18T09:29:04.084067,435.0,320.22334330298145,79.62663441155914,272.447362656046,32.25867879938365,0.48214848294386303,0.46737351393925264,184.78447002451554
STARLINK-31305,2026-02-18T08:07:34.084067,2026-02-18T08:14:34.084067,420.0,316.64518915296844,73.71243834079397,272.4177261484921,31.71199083458942,0.4129261670542338,0.4426307776554763,231.26509955665838
STARLINK-32762,2026-02-18T09:31:04.084067,2026-02-18T09:38:04.084067,420.0,316.572065470878,73.76512835591858,272.31298845732687,31.314154753791613,0.39321194191938313,0.4423374030810793,247.5164550872784
STARLINK-34113,2026-02-18T08:07:19.084067,2026-02-18T08:14:34.084067,435.0,319.99982634350295,79.5389422325136,272.27646100399477,33.99945835533582,0.6003728590484151,0.4707460498722541,109.43387192739145
STARLINK-32554,2026-02-18T07:54:34.084067,2026-02-18T08:02:04.084067,450.0,323.3076705038788,85.20125917971492,272.18691499604984,33.96725694826028,0.7005899500267353,0.49683068763741034,45.172374209916484
STARLINK-31627,2026-02-18T09:20:19.084067,2026-02-18T09:27:19.084067,420.0,316.19936698593335,73.70978257404201,271.97349744150813,31.89497328215235,0.4542844765566226,0.4525530046490144,206.76956397805466
STARLINK-31120,2026-02-18T08:09:34.084067,2026-02-18T08:16:34.084067,420.0,316.1644599012934,73.73600756791501,271.9228553605444,31.313257192714225,0.4242398218762894,0.4530129677070851,228.05194066412423
STARLINK-2654,2026-02-18T08:57:49.084067,2026-02-18T09:05:19.084067,450.0,323.0660029647403,85.31557955860656,271.87665522957633,34.599724726007786,0.7905202514532637,0.493957255448194,14.878011649115212
STARLINK-2481,2026-02-18T08:30:04.084067,2026-02-18T08:37:04.084067,420.0,316.1809956362845,73.84149902223825,271.87609622294156,30.425234052270575,0.36904638265513656,0.4489028715737545,272.43845993616657
STARLINK-35954,2026-02-18T08:52:04.084067,2026-02-18T08:59:04.084067,420.0,316.1075976952363,73.73577767469992,271.86613109041633,32.13613699359674,0.469086495489844,0.4530595759726491,195.69409640360166
STARLINK-31686,2026-02-18T09:03:04.084067,2026-02-18T09:10:19.084067,435.0,319.7499481239162,79.81714617495675,271.85966041894216,32.61086701929864,0.5060680204098549,0.4680528658928995,168.09661753033708
STARLINK-34912,2026-02-18T08:27:49.084067,2026-02-18T08:34:49.084067,420.0,316.08721179339153,73.76813013436069,271.8263337127751,31.621272216906057,0.4408290574131454,0.4529257279317074,216.48094621133296
STARLINK-33921,2026-02-18T08:21:04.084067,2026-02-18T08:28:04.084067,420.0,315.97948837370234,73.83220420519169,271.68016585058734,30.295347490142557,0.3751318443119909,0.45399252984661065,267.50371431932456
STARLINK-35524,2026-02-18T07:55:49.084067,2026-02-18T08:02:49.084067,420.0,315.9399449484776,73.81791902707782,271.6491935322309,30.429504134180615,0.38409475160030354,0.4554227311708273,259.38635935158266
STARLINK-32320,2026-02-18T09:13:34.084067,2026-02-18T09:20:49.084067,435.0,319.47519980439523,79.8183402329737,271.584195664611,33.80177613473068,0.5890153327120935,0.4702186668103939,116.13551198237074
STARLINK-33704,2026-02-18T08:52:49.084067,2026-02-18T09:00:04.084067,435.0,319.5218917798622,79.98477324954648,271.5310278301343,31.02666369682451,0.4160904303387269,0.46824208908207754,230.85998411073038
STARLINK-33624,2026-02-18T08:19:04.084067,2026-02-18T08:26:19.084067,435.0,319.3613579003502,79.71742925005543,271.5309003503169,34.57529180333907,0.686092882574091,0.47346308083338573,76.00453860797428
STARLINK-1762,2026-02-18T07:59:34.084067,2026-02-18T08:06:34.084067,420.0,315.8193103678588,73.87442091103192,271.4946578212397,32.337860681870986,0.48029739153590345,0.4531220910434156,186.896741972579
STARLINK-30711,2026-02-18T09:12:34.084067,2026-02-18T09:19:34.084067,420.0,315.7976797363745,73.90245541662492,271.45620648639954,30.94255738890311,0.40931470370476386,0.4544275788615225,240.2279821202327
STARLINK-2620,2026-02-18T09:00:49.084067,2026-02-18T09:08:04.084067,435.0,319.3686345750562,79.85728130804249,271.4542657902307,34.75441832705933,0.6637405363865184,0.46801780901447587,76.87942132641187
STARLINK-31425,2026-02-18T08:09:19.084067,2026-02-18T08:16:34.084067,435.0,319.394013951381,80.04504113804968,271.3669892685512,31.796997979345864,0.4550269959402272,0.4671299202371776,201.30571532500642
STARLINK-32751,2026-02-18T08:51:49.084067,2026-02-18T08:58:49.084067,420.0,315.752594955308,74.15740074650795,271.2581545074032,31.450880299465446,0.4025201379233138,0.44337704098052977,239.90109098049362
STARLINK-33927,2026-02-18T08:26:34.084067,2026-02-18T08:33:49.084067,435.0,319.21891054469535,80.15743805690352,271.1244477105532,30.97879864414092,0.41016616487004437,0.4669953969636417,234.47604006137973
STARLINK-33810,2026-02-18T08:29:34.084067,2026-02-18T08:36:49.084067,435.0,319.16160400747555,80.14474369831746,271.07475778848504,32.573823439993696,0.4929834945784379,0.46608251560990155,170.48492895081768
STARLINK-34151,2026-02-18T09:19:19.084067,2026-02-18T09:26:19.084067,420.0,315.4499194479829,74.02264229126791,271.0363340732221,32.872383579123536,0.5156382934322533,0.4538352971920634,164.4459505992349
STARLINK-33871,2026-02-18T08:13:04.084067,2026-02-18T08:20:19.084067,435.0,318.93128820013817,79.8326037185764,271.0317259689923,35.12810608548234,0.7760196406533525,0.4743845749447472,49.21742471445658
STARLINK-32532,2026-02-18T09:11:34.084067,2026-02-18T09:18:49.084067,435.0,319.0214751965202,80.0478615866483,270.9927582445312,33.695416221704626,0.5839311893127206,0.4699454171696521,118.65929210838975
STARLINK-3700,2026-02-18T08:06:34.084067,2026-02-18T08:13:34.084067,420.0,315.46450124681826,74.15016909069874,270.974399792399,31.311078668818094,0.418115362445754,0.4506793380821459,230.8452480514858
STARLINK-34815,2026-02-18T08:58:49.084067,2026-02-18T09:05:49.084067,420.0,315.43177297325025,74.11670207694821,270.9617517270813,31.048145662174043,0.4122074409288665,0.4531355906493314,236.567493530951
STARLINK-32881,2026-02-18T08:17:04.084067,2026-02-18T08:24:19.084067,435.0,318.8070434164731,79.94467180766979,270.84024033187126,34.74687360737071,0.713858880035879,0.4740568383138456,68.12777537008346
STARLINK-32658,2026-02-18T08:22:49.084067,2026-02-18T08:30:04.084067,435.0,318.7947632337732,79.9721888038743,270.81144995144865,34.72910218357126,0.7054991088076286,0.47336126341362217,69.43858896808175
STARLINK-35367,2026-02-18T08:02:34.084067,2026-02-18T08:09:49.084067,435.0,318.7572155349462,80.0213018508907,270.7444344244118,32.61243876890294,0.5526739600079816,0.47880881366060624,143.33632123775888
STARLINK-31712,2026-02-18T07:52:34.084067,2026-02-18T07:59:49.084067,435.0,318.7897997991885,80.23418257732867,270.6492902527913,33.31177107412771,0.5517851626413446,0.4679473075734367,136.53333214703687
STARLINK-32366,2026-02-18T08:28:19.084067,2026-02-18T08:35:34.084067,435.0,318.6225549778218,80.11789218203097,270.5518196686032,32.13291046290674,0.5199972807987531,0.4786330893798698,163.54278517119394
STARLINK-32628,2026-02-18T07:58:34.084067,2026-02-18T08:05:49.084067,435.0,318.64678013446354,80.2368061164444,270.5046964645969,33.74994114098128,0.5871656990945561,0.46931352369167356,115.76808515735995
STARLINK-35484,2026-02-18T08:16:04.084067,2026-02-18T08:23:19.084067,435.0,318.5580659476967,80.1700828512021,270.4560162369755,31.99301265094626,0.5088423143836321,0.4780444736822761,170.64439366620368
STARLINK-30716,2026-02-18T09:07:49.084067,2026-02-18T09:14:49.084067,420.0,314.9802902887141,74.21217661087422,270.4529843221896,33.356385689100065,0.5522354311342211,0.45482248773302747,142.24223722151174
STARLINK-32802,2026-02-18T09:14:49.084067,2026-02-18T09:22:04.084067,435.0,318.6558807056676,80.41742428882165,270.4054261323746,31.40653262622144,0.4323671600683032,0.46659642131409906,216.71240986166282
STARLINK-4128,2026-02-18T09:35:34.084067,2026-02-18T09:42:34.084067,420.0,315.3417015986123,74.9145908550361,270.39294708559066,32.969426025766815,0.3521421284435242,0.4094118036841038,282.8295419910326
STARLINK-34741,2026-02-18T09:01:49.084067,2026-02-18T09:09:04.084067,435.0,318.494744821362,80.21081224119834,270.368257476643,31.90946469993271,0.5020320189443568,0.47774801034832903,175.98456575847513
STARLINK-33949,2026-02-18T09:03:34.084067,2026-02-18T09:10:34.084067,420.0,314.920195842135,74.30289647018562,270.3384579600236,32.85479478390901,0.5126241576900918,0.45348169981891484,163.5356398476484
STARLINK-34192,2026-02-18T08:18:49.084067,2026-02-18T08:26:04.084067,435.0,318.4633134195833,80.30743329938795,270.2788534399505,34.03257589334283,0.6081281222835145,0.46915131542746524,102.14020723538218
STARLINK-32497,2026-02-18T09:16:04.084067,2026-02-18T09:23:04.084067,420.0,314.9816119616362,74.53483392590869,270.260711606091,30.385745527887483,0.357102637185622,0.44471886987112985,281.12914096088076
STARLINK-32479,2026-02-18T09:25:04.084067,2026-02-18T09:32:19.084067,435.0,318.434776031574,80.35833135923963,270.21977721603025,33.64262331762861,0.5781458709669047,0.468770235054342,120.57917658177625
STARLINK-32524,2026-02-18T09:27:34.084067,2026-02-18T09:34:49.084067,435.0,318.2826057070587,80.31099056060792,270.09601137069393,34.32883541690364,0.6464613555801652,0.47125322663183866,85.54443796464483
STARLINK-33661,2026-02-18T08:45:04.084067,2026-02-18T08:52:19.084067,435.0,318.2532580394452,80.37118596965678,270.03054645765116,34.075876943861346,0.6173338757322943,0.4703186189281644,97.68616307563641
STARLINK-34393,2026-02-18T09:04:19.084067,2026-02-18T09:11:34.084067,435.0,318.124512421645,80.1648194498593,270.02562075172943,33.58191198187646,0.6430974651928212,0.4819086281467323,93.00001497243855
STARLINK-34597,2026-02-18T08:59:34.084067,2026-02-18T09:06:49.084067,435.0,318.1723439038124,80.36629809577191,269.95256504634926,31.52393639257643,0.48085486025212626,0.47835325772195647,190.31791294306268
STARLINK-31802,2026-02-18T08:01:04.084067,2026-02-18T08:08:19.084067,435.0,318.14024192966065,80.46602839718655,269.8606248913487,33.64597977049755,0.5841242712002062,0.4699391922545154,117.31305656980577
STARLINK-30509,2026-02-18T07:42:34.084067,2026-02-18T07:48:04.084067,330.0,289.5166921331745,32.77391552061032,269.8523428208083,39.63983712518291,0.4997687550034345,0.3343002280726517,136.3574411131957
STARLINK-35689,2026-02-18T07:44:49.084067,2026-02-18T07:52:04.084067,435.0,317.97052357134754,80.24161780725395,269.8255528869952,35.02246728131448,0.7838451630172344,0.47623043678599863,43.52547251714193
STARLINK-35329,2026-02-18T08:15:19.084067,2026-02-18T08:22:19.084067,420.0,314.47070198033686,74.43780528903015,269.80801880691877,33.74410317947129,0.5818317979957898,0.4552577601284321,124.0251595148102
STARLINK-35458,2026-02-18T08:02:04.084067,2026-02-18T08:09:04.084067,420.0,314.4641746746485,74.45655766376339,269.7902400763905,33.73358027315438,0.5783806924349641,0.45469162497021187,125.33834270833134
STARLINK-31079,2026-02-18T08:24:34.084067,2026-02-18T08:31:49.084067,435.0,318.08849843863226,80.53503624684635,269.76747669052446,32.32734599746761,0.502016065696714,0.47130303343818614,171.2233814114912
STARLINK-34766,2026-02-18T07:56:19.084067,2026-02-18T08:03:34.084067,435.0,318.07756932069134,80.66106559510479,269.68092996362844,30.164151442779392,0.37738839680309455,0.4691589941273885,262.5109721982033
STARLINK-32493,2026-02-18T08:10:19.084067,2026-02-18T08:17:34.084067,435.0,317.9598643697904,80.48837875190118,269.6668371186497,31.285659145565727,0.4646058813386324,0.4778316137786155,202.2193776151697
STARLINK-2103,2026-02-18T08:12:04.084067,2026-02-18T08:19:04.084067,420.0,314.403227052627,74.58580234955846,269.6517456428919,31.650233935727517,0.4493284827966645,0.4546863676666367,207.55235694189952
STARLINK-34759,2026-02-18T09:06:34.084067,2026-02-18T09:13:49.084067,435.0,317.80281580524314,80.27963414891262,269.63503531589555,33.83674244632081,0.6718910390509404,0.4823019512908472,81.90311446987732
STARLINK-31792,2026-02-18T09:06:04.084067,2026-02-18T09:13:19.084067,435.0,317.80382339101186,80.39682448476545,269.5657287001526,33.11413420648809,0.5894166878937801,0.4802006879996942,121.52021820696079
STARLINK-34208,2026-02-18T08:52:49.084067,2026-02-18T09:00:04.084067,435.0,317.81245593009066,80.46635891175833,269.5326405830357,32.444361212097625,0.541597939566382,0.4791102086051453,152.55035493089883
STARLINK-34936,2026-02-18T08:07:19.084067,2026-02-18T08:14:34.084067,435.0,317.6522798072864,80.2388798981565,269.5089518683925,34.25638547128027,0.7358346426583083,0.48466828778923166,49.783810259768046
STARLINK-34800,2026-02-18T08:22:49.084067,2026-02-18T08:30:04.084067,435.0,317.75407808823394,80.41674091235545,269.50403354082067,33.0923581939913,0.5898001634702782,0.4803774178942509,121.33811619058076
STARLINK-32961,2026-02-18T09:05:34.084067,2026-02-18T09:12:49.084067,435.0,317.82166660692315,80.5321458402148,269.5023791027943,34.27298631007435,0.6440457975175871,0.4712337344477999,84.72556135137553
STARLINK-2454,2026-02-18T08:09:49.084067,2026-02-18T08:17:04.084067,435.0,317.5276125097431,80.3392459912644,269.3240649149845,34.12028264143815,0.7150767440406408,0.48373674186858373,62.01963545110936
STARLINK-32608,2026-02-18T07:48:49.084067,2026-02-18T07:56:04.084067,435.0,317.63904406744666,80.5265507703092,269.32311360526114,34.69348988126925,0.6991677282455689,0.4730963122531653,61.017648510148575
STARLINK-30572,2026-02-18T08:17:49.084067,2026-02-18T08:24:49.084067,420.0,314.1316210157829,74.7636394557596,269.27343734232716,32.16695500792979,0.46610959344725866,0.45223648335932076,191.74396116701365
STARLINK-34556,2026-02-18T08:56:04.084067,2026-02-18T09:03:04.084067,420.0,313.9815154591252,74.54808290240051,269.2526657176849,34.47443538270514,0.6565292826777149,0.45841006268498286,86.23665903611027
STARLINK-31374,2026-02-18T08:39:19.084067,2026-02-18T08:46:34.084067,435.0,317.51402837006214,80.46453194316952,269.23530920416044,35.03899017047263,0.7865989428072325,0.4758410262775963,36.194515156396044
STARLINK-34680,2026-02-18T08:16:49.084067,2026-02-18T08:23:49.084067,420.0,313.8427845500864,74.60602690622004,269.07916840635437,34.69697666535207,0.6775807507736258,0.45820400606350353,75.22454391548251
STARLINK-33856,2026-02-18T08:37:19.084067,2026-02-18T08:44:34.084067,435.0,317.4264216699983,80.58251176440713,269.076914611354,34.88011143405404,0.7233335169958004,0.4738966697691156,46.55817927939086
STARLINK-31459,2026-02-18T08:30:34.084067,2026-02-18T08:37:49.084067,435.0,317.56870036388284,80.87467560025995,269.0438950037269,32.642675426700656,0.4944579543237183,0.4666078056773215,164.72521650729922
STARLINK-34782,2026-02-18T08:24:34.084067,2026-02-18T08:31:34.084067,420.0,313.90622149139654,74.79615658084138,269.0285275428917,33.20537696760305,0.536311472842507,0.4536638153042136,147.2328741576305
STARLINK-31303,2026-02-18T07:46:19.084067,2026-02-18T07:53:34.084067,435.0,317.50558002439783,80.83847700781985,269.00249381970593,33.25685096867036,0.5469801696136384,0.4679455971114327,136.13827037077357
STARLINK-30862,2026-02-18T09:23:34.084067,2026-02-18T09:30:49.084067,435.0,317.3243104807348,80.55968294200613,268.98850071553113,35.07934197980946,0.7914595834418484,0.47545635485904725,31.488768188589205
STARLINK-2468,2026-02-18T08:14:34.084067,2026-02-18T08:21:49.084067,435.0,317.3760542107534,80.68873697976885,268.9628120228921,32.56776992001542,0.5443231307019151,0.47802143931613417,150.40459147545633
STARLINK-31668,2026-02-18T08:45:34.084067,2026-02-18T08:52:49.084067,435.0,317.4643240284734,80.85047835895487,268.9540370131005,33.274156030069804,0.5499052022316196,0.46818595654996376,134.37765754917328
STARLINK-32756,2026-02-18T09:01:19.084067,2026-02-18T09:08:34.084067,435.0,317.3500765534965,80.71204521759056,268.92284942294214,34.39628679211989,0.6635656831315682,0.4723195726949714,75.86960103703466
STARLINK-30710,2026-02-18T08:11:04.084067,2026-02-18T08:18:04.084067,420.0,313.75078907318135,74.9699644367869,268.7688104111092,31.72250987000453,0.4439276327217144,0.4522709054452442,208.84583062894637
STARLINK-32520,2026-02-18T08:19:49.084067,2026-02-18T08:27:04.084067,435.0,317.0386838181472,80.46190891951564,268.76153846643786,34.51943851999608,0.8081866821957961,0.4856515508282433,32.320950387880764
STARLINK-31630,2026-02-18T08:10:34.084067,2026-02-18T08:17:34.084067,420.0,313.64728230476544,74.81089803461502,268.7607434839964,32.46090705403748,0.5159233569339601,0.459718210075336,165.56601824508132
STARLINK-34179,2026-02-18T09:17:34.084067,2026-02-18T09:24:49.084067,435.0,317.19377335479743,80.72498271204377,268.7587837275712,32.81205500375123,0.5649509992147934,0.47929455961968304,138.14637883154307
STARLINK-30707,2026-02-18T08:53:34.084067,2026-02-18T09:00:34.084067,420.0,313.5317735259903,75.01600138642756,268.52217269413376,32.95568698277608,0.513135047039911,0.4528753099094981,158.48991643319675
STARLINK-35270,2026-02-18T08:21:34.084067,2026-02-18T08:28:34.084067,420.0,313.5040215414717,75.08871804991533,268.4507907115225,30.580848620784618,0.3932808669445463,0.45382423748123046,251.78564733129576
STARLINK-31685,2026-02-18T08:57:19.084067,2026-02-18T09:04:34.084067,435.0,316.95938005155404,80.88715218291738,268.42708874180363,34.52689831080968,0.6750042551284084,0.47216871610834044,67.03105218357751
STARLINK-34552,2026-02-18T09:12:19.084067,2026-02-18T09:19:19.084067,420.0,313.3253240349207,74.88312294056416,268.3954502705822,34.61496678636818,0.6698297878793664,0.457925236303375,76.99150198075169
STARLINK-32476,2026-02-18T08:14:04.084067,2026-02-18T08:21:19.084067,435.0,316.8837270180472,80.87810545936337,268.35686374242914,32.74071991397442,0.5610935460636584,0.47906923696323245,139.17703049051335
STARLINK-31646,2026-02-18T09:01:19.084067,2026-02-18T09:08:19.084067,420.0,313.40078568356586,75.11144687960721,268.3339175558015,32.26041740305632,0.4718832137320598,0.4528853824251121,186.43070534847325
STARLINK-31284,2026-02-18T08:15:04.084067,2026-02-18T08:22:19.084067,435.0,316.84905323020774,81.04344700544632,268.22298502693997,33.9760881068776,0.613460367162485,0.4700145678798685,98.90498104492043
STARLINK-36075,2026-02-18T09:09:19.084067,2026-02-18T09:16:19.084067,420.0,313.2873719987861,75.13738969036042,268.20493818456987,32.788545664090286,0.5031609155489827,0.45318633686412024,164.8241134067398
STARLINK-35947,2026-02-18T08:56:34.084067,2026-02-18T09:03:49.084067,435.0,316.7180244899359,80.86843149153162,268.19696559501693,33.505426793153006,0.6136737072564031,0.48022304882471833,105.42756159847579
STARLINK-34994,2026-02-18T08:11:19.084067,2026-02-18T08:18:34.084067,435.0,316.64514009544564,80.78011559858588,268.1770707362941,33.850578607594095,0.6789012806507017,0.48351613878771127,82.77976057941082
STARLINK-31616,2026-02-18T09:06:04.084067,2026-02-18T09:13:04.084067,420.0,313.143249609639,75.02425332451172,268.128697614932,34.39518542652919,0.64486790122552,0.45682373942388665,88.6246776675211
STARLINK-34266,2026-02-18T09:20:49.084067,2026-02-18T09:27:49.084067,420.0,313.20638570210843,75.23280049635144,268.0667054042976,31.441023184870648,0.432468466056821,0.45293073943165674,219.2142331188682
STARLINK-32445,2026-02-18T08:23:34.084067,2026-02-18T08:30:49.084067,435.0,316.54412570681814,80.81877567316403,268.0528603029197,33.996358637131195,0.6937875046145887,0.48329337487513746,78.97289869346
STARLINK-35492,2026-02-18T08:06:49.084067,2026-02-18T08:13:49.084067,420.0,312.95882789121293,74.9044147168496,268.0161790611032,35.23995515784512,0.7702889414559883,0.4614433747318195,35.071003423382436
STARLINK-31670,2026-02-18T07:50:34.084067,2026-02-18T07:57:49.084067,435.0,316.6484289822849,81.13333163173046,267.9684300032466,33.92854654991115,0.612312458144633,0.47027161362051006,99.81410574442512
STARLINK-35347,2026-02-18T07:56:19.084067,2026-02-18T08:03:19.084067,420.0,313.06322982363724,75.31332893293582,267.87523246387576,30.233869467511276,0.376296372185843,0.4536994077056553,266.22645205052913
STARLINK-2479,2026-02-18T08:05:04.084067,2026-02-18T08:12:19.084067,435.0,316.33411461824306,80.91904974722466,267.78268476990826,33.95197925618259,0.687367118549268,0.4833309803556277,82.19284635721344
STARLINK-34189,2026-02-18T09:14:34.084067,2026-02-18T09:21:34.084067,420.0,312.83515190116935,75.10949989033857,267.76945196696624,34.78965445845222,0.686346681052257,0.458199791820458,65.3154878241046
STARLINK-34575,2026-02-18T07:42:34.084067,2026-02-18T07:48:04.084067,330.0,288.27741310648946,34.18344442543197,267.76734645123025,38.66335411063019,0.46893318858005295,0.320772642983819,182.8604353040826
STARLINK-34785,2026-02-18T08:08:49.084067,2026-02-18T08:15:49.084067,420.0,312.83954664346567,75.40663855388568,267.5955635111343,30.946761675015367,0.4110745833312009,0.4538760839503988,236.94998661051764
STARLINK-35385,2026-02-18T08:05:49.084067,2026-02-18T08:12:49.084067,420.0,312.69699015509354,75.21304118167335,267.5691654460895,34.6685629642231,0.6712827726225197,0.45738257588533415,72.6547495450884
STARLINK-30706,2026-02-18T08:58:19.084067,2026-02-18T09:05:19.084067,420.0,312.67724884886434,75.18124856184565,267.56849971175694,34.84237443952625,0.691100787351498,0.458309442379389,61.51005228399726
STARLINK-33789,2026-02-18T08:43:04.084067,2026-02-18T08:50:19.084067,435.0,316.24348643805877,81.17934067553692,267.5358820327366,34.50689038904647,0.6820322680829112,0.4736369417188879,62.234694836780484
STARLINK-2428,2026-02-18T08:04:49.084067,2026-02-18T08:11:49.084067,420.0,312.82815316313645,75.53297223764288,267.50836982055074,30.659254954717888,0.37565355087087304,0.447952671272992,266.66759737261555
STARLINK-34178,2026-02-18T09:05:04.084067,2026-02-18T09:12:04.084067,420.0,312.7167448863669,75.34746298857212,267.5082670932236,33.57822423081961,0.5673802528739459,0.4543983457830181,130.30845061610376
STARLINK-2122,2026-02-18T08:20:19.084067,2026-02-18T08:27:34.084067,435.0,316.07270027448345,80.98515475399543,267.4816074220862,34.15704043142441,0.7259936064596391,0.48445160889353966,70.29152703686165
STARLINK-34898,2026-02-18T08:16:49.084067,2026-02-18T08:23:49.084067,420.0,312.6487452571899,75.42832006886779,267.39175321586924,33.03289782356118,0.523865837331723,0.4535594639801478,155.12720420867643
STARLINK-30705,2026-02-18T08:48:49.084067,2026-02-18T08:55:49.084067,420.0,312.67957833309015,75.50080284863753,267.3790966239076,30.51310229401155,0.3883183959282983,0.4534255291505638,255.87084922819648
STARLINK-2449,2026-02-18T08:11:49.084067,2026-02-18T08:19:04.084067,435.0,316.0777194578748,81.19769171228845,267.35910443050176,33.06405434601665,0.5884671641326056,0.48021360273937597,121.59181534104705
STARLINK-34710,2026-02-18T08:18:19.084067,2026-02-18T08:25:19.084067,420.0,312.4232337828839,75.22227024499838,267.2898716358849,35.09176255868458,0.7249634474452216,0.4604032351342068,41.94392565274741
STARLINK-34072,2026-02-18T09:00:19.084067,2026-02-18T09:07:19.084067,420.0,312.6043161221271,75.53299963595009,267.28451634055705,31.251761641065194,0.4227553110994588,0.45278633731575746,227.84218844889952
STARLINK-34185,2026-02-18T09:07:34.084067,2026-02-18T09:14:34.084067,420.0,312.1836825591019,75.2773386734557,267.01727935502845,35.25948118867856,0.7759227474682335,0.4619060539679978,25.719382110417005
STARLINK-32424,2026-02-18T08:18:49.084067,2026-02-18T08:26:04.084067,435.0,315.6770625398446,81.13641068094687,266.9952161312765,34.30395553021284,0.7529443870853192,0.484906936255717,59.198515366593604
STARLINK-31807,2026-02-18T08:06:49.084067,2026-02-18T08:14:04.084067,435.0,315.73837364781434,81.29650469800268,266.9604708290127,35.062266390679824,0.7764660984641903,0.4754626773859916,18.759926566308547
STARLINK-30456,2026-02-18T09:03:04.084067,2026-02-18T09:10:04.084067,420.0,312.15852876224227,75.34448536081527,266.9518375457531,35.142064847663626,0.7269553766533202,0.46061204994684557,36.26486395972029
STARLINK-2579,2026-02-18T08:51:19.084067,2026-02-18T08:58:19.084067,420.0,312.2261627881241,75.60633186529644,266.8623636689462,33.225792388411136,0.5417244148000294,0.4543607399266628,145.95942396375227
STARLINK-30703,2026-02-18T08:33:04.084067,2026-02-18T08:40:04.084067,420.0,312.06833856281366,75.78399859691265,266.5979394046661,30.303711160205392,0.3800338801424888,0.45433458537706983,263.1678605308376
STARLINK-35600,2026-02-18T07:42:34.084067,2026-02-18T07:48:19.084067,345.0,291.775426729844,42.06301421952575,266.53761819812854,39.01142741440852,0.67671322070395,0.36250501127927004,64.16709804766246
STARLINK-34591,2026-02-18T09:18:34.084067,2026-02-18T09:25:34.084067,420.0,311.9532243537328,75.8323793309063,266.45379675518905,31.82288094769125,0.4513649990143329,0.4527294822048116,206.3416453585804
STARLINK-34769,2026-02-18T09:16:04.084067,2026-02-18T09:23:04.084067,420.0,311.85225747814275,75.73482957158407,266.4113597351923,33.76043984139365,0.5837153357651091,0.45528689961754876,122.32772643445196
STARLINK-34817,2026-02-18T08:15:04.084067,2026-02-18T08:22:04.084067,420.0,311.73024632893663,75.75350021270798,266.27814620131187,34.05343035751204,0.6108152659958145,0.4562697630596335,106.94805483360945
STARLINK-31878,2026-02-18T08:50:19.084067,2026-02-18T08:57:19.084067,420.0,311.79805900645346,75.87462761427189,266.2732824378903,32.44908282775599,0.4860960791980502,0.453096585385932,181.69845481136684
STARLINK-34082,2026-02-18T09:09:49.084067,2026-02-18T09:16:49.084067,420.0,311.62588205517744,75.61166154972587,266.2588851253419,35.1710275619875,0.7253697003491248,0.46041371678694265,33.50729672588593
STARLINK-2099,2026-02-18T08:15:34.084067,2026-02-18T08:22:49.084067,435.0,315.098048034642,81.45534024442283,266.2248438879883,34.09145656782036,0.7129110234164503,0.4838434915307728,64.76601390406368
STARLINK-2450,2026-02-18T08:19:19.084067,2026-02-18T08:26:19.084067,420.0,311.7320791249324,75.96072449526484,266.1556444277735,30.672433684933516,0.39352159969486067,0.4532186161924088,251.23459903247578
STARLINK-34176,2026-02-18T09:08:04.084067,2026-02-18T09:15:19.084067,435.0,314.8935915177758,81.58683873294085,265.9414882780113,33.9367433834173,0.6897827431870104,0.4830584876728258,71.97548890906154
STARLINK-34074,2026-02-18T09:12:49.084067,2026-02-18T09:20:04.084067,435.0,314.84534172156094,81.50669620274141,265.9413239999161,34.343820285646785,0.7611339860312136,0.4850628275972315,48.510684493996116
STARLINK-30594,2026-02-18T08:03:34.084067,2026-02-18T08:10:34.084067,420.0,311.3997446164183,75.90165406482178,265.8587521775252,34.18197961799271,0.6185661413668392,0.4563241905081238,102.50206189916162
STARLINK-34853,2026-02-18T08:12:04.084067,2026-02-18T08:19:04.084067,420.0,311.32876922288904,75.80729223126608,265.8443938841294,34.90286468260047,0.703244054592554,0.4593108392087367,56.48617803966724
STARLINK-35971,2026-02-18T08:55:04.084067,2026-02-18T09:02:04.084067,420.0,311.24649554501815,76.03960688465871,265.6227314142229,33.63058742810227,0.5709076718085743,0.4549622594396526,131.10864316684658
STARLINK-30600,2026-02-18T08:13:04.084067,2026-02-18T08:20:04.084067,420.0,311.18087487021336,75.99626496880423,265.5831158889308,34.27094702080249,0.6262371716475361,0.45646771594123203,98.71367687921199
STARLINK-36033,2026-02-18T09:10:49.084067,2026-02-18T09:17:49.084067,420.0,311.1221953703869,76.20792581950239,265.3974398786855,31.996596778089014,0.46356180133383845,0.45356751726262656,199.70602505236715
STARLINK-30614,2026-02-18T07:58:49.084067,2026-02-18T08:05:49.084067,420.0,310.99244957905995,76.26905653699639,265.2310156568621,31.967566286662432,0.46219741116574403,0.45368672846046987,201.04378465270273
STARLINK-34891,2026-02-18T08:13:34.084067,2026-02-18T08:20:34.084067,420.0,310.8545352209466,76.2301659069248,265.11643567679175,33.41985719963548,0.5586325176503505,0.45542897594887444,139.3278281907948
STARLINK-34934,2026-02-18T07:57:49.084067,2026-02-18T08:04:49.084067,420.0,310.5666960179506,76.50520083405372,264.6635755175184,31.07854884490302,0.41190519845839585,0.45332759246383336,238.17256948661665
STARLINK-35912,2026-02-18T08:59:49.084067,2026-02-18T09:06:49.084067,420.0,310.3747841477003,76.18548455557517,264.66349341435523,35.18748853879057,0.750106973421277,0.46117212899880633,36.4514304794886
STARLINK-3675,2026-02-18T08:29:49.084067,2026-02-18T08:36:49.084067,420.0,310.4651304740079,76.54084499033766,264.5406234798053,30.72577810903287,0.39762807688118207,0.45445655794549755,248.85637945246657
STARLINK-34601,2026-02-18T09:22:19.084067,2026-02-18T09:29:19.084067,420.0,310.2159055605333,76.65614020984933,264.22222143462375,30.564716284376406,0.3896083696984082,0.45477359629224434,255.05912086301873
STARLINK-34764,2026-02-18T08:57:04.084067,2026-02-18T09:04:04.084067,420.0,310.12671587212964,76.70991044624105,264.100769604385,30.20541302926819,0.3716052096233063,0.4544480858229296,271.0493973639784
STARLINK-34768,2026-02-18T09:11:19.084067,2026-02-18T09:18:19.084067,420.0,309.8438331782355,76.41617817095037,263.9941262756653,35.25897433789361,0.7788261332196172,0.46167451861270214,33.589405252125715
STARLINK-3645,2026-02-18T09:35:49.084067,2026-02-18T09:42:34.084067,405.0,306.59258862965413,71.17659557119386,263.8866312869378,35.21745804605302,0.41008676264001925,0.3893125839181004,222.2088560273287
STARLINK-31094,2026-02-18T09:35:49.084067,2026-02-18T09:42:34.084067,405.0,306.62273010120373,71.28228181946227,263.85336100952634,34.76958527134336,0.3548848693699764,0.3790987790612744,269.1059988529641
STARLINK-30606,2026-02-18T08:08:19.084067,2026-02-18T08:15:19.084067,420.0,309.40709106301165,76.58743933972136,263.4546274591788,35.33311262521117,0.8148913342772747,0.4626899333305976,25.680248065235087
STARLINK-4187,2026-02-18T09:35:49.084067,2026-02-18T09:42:34.084067,405.0,301.6790248186056,73.39363447064659,257.64284413621766,36.45999298952396,0.4841121265397432,0.3974884630195268,159.99736916901298
STARLINK-1452,2026-02-18T09:05:34.084067,2026-02-18T09:12:04.084067,390.0,296.93199754159514,67.03923166077554,256.7084585451298,33.37840608524413,0.5619178181551676,0.4294275703409728,143.14811827513898
STARLINK-1656,2026-02-18T07:42:34.084067,2026-02-18T07:48:34.084067,360.0,285.1530865902647,56.04745083069339,251.52461609184866,33.4672353469651,0.5720235000360059,0.4042078374595133,147.6182121282196
STARLINK-1423,2026-02-18T09:12:04.084067,2026-02-18T09:18:34.084067,390.0,292.4874091778053,68.98589650016575,251.09587127770587,31.28902715461582,0.5194806131825005,0.4495730733471419,172.99867969336685
STARLINK-1351,2026-02-18T09:06:04.084067,2026-02-18T09:12:34.084067,390.0,291.0592123572526,69.4025682093722,249.41767143162926,33.24845978576078,0.7189042476247305,0.45781572789534664,81.28909533528196
STARLINK-2001,2026-02-18T09:07:04.084067,2026-02-18T09:13:34.084067,390.0,290.43888616394673,69.95843778865448,248.46382349075404,32.6899594341385,0.6042407028609275,0.448211213983859,130.66269430842289
STARLINK-1048,2026-02-18T08:42:49.084067,2026-02-18T08:49:19.084067,390.0,289.5378354407621,70.34409512602933,247.33137836514447,30.9526284623163,0.5226087106031332,0.454633603758819,175.272844748833
STARLINK-1433,2026-02-18T08:52:04.084067,2026-02-18T08:58:19.084067,375.0,285.72709901274715,64.3647533179761,247.1082470219615,31.125642972894703,0.4838610934903547,0.4289681173010169,203.63533062690715
STARLINK-2448,2026-02-18T07:42:34.084067,2026-02-18T07:47:19.084067,285.0,253.72495632215623,25.864799452459,238.20607665068084,34.024356200182,0.35644100633701836,0.30308766599924275,286.05559690676967
STARLINK-1997,2026-02-18T07:50:49.084067,2026-02-18T07:56:49.084067,360.0,274.82030652711524,61.3602909635196,238.00413194900347,33.05009415870493,0.6998490196121704,0.4299029361260588,100.47514704751703
STARLINK-1967,2026-02-18T08:02:34.084067,2026-02-18T08:08:34.084067,360.0,274.5654647894221,61.36678907593164,237.7453913438631,34.936097142741936,0.9124869912452391,0.4300481642249543,16.67942213005786
STARLINK-1068,2026-02-18T09:24:34.084067,2026-02-18T09:30:34.084067,360.0,271.9886470100945,62.60170888252875,234.42762168057726,34.52669300306862,0.9297696650704956,0.4360110169856388,25.196491413114206
STARLINK-11407 [DTC],2026-02-18T08:26:34.084067,2026-02-18T08:32:19.084067,345.0,263.0343654876043,58.84191567759251,227.7292160810488,32.11253510663908,0.7462046704777828,0.4348118386522678,100.08786349255945
STARLINK-11194 [DTC],2026-02-18T08:16:19.084067,2026-02-18T08:22:04.084067,345.0,262.9254322954237,58.82343751001137,227.6313697894169,32.7268921643247,0.815324787796189,0.4368043857632844,72.69340767895548
STARLINK-11291 [DTC],2026-02-18T09:10:49.084067,2026-02-18T09:16:34.084067,345.0,262.67445395922596,58.838325063697575,227.37145892100742,33.41968647317989,0.9430731356610348,0.43999354249356304,33.92789959634462
STARLINK-11279 [DTC],2026-02-18T09:18:04.084067,2026-02-18T09:23:49.084067,345.0,262.21791335820507,59.34542411609139,226.61065888855023,31.51511065705675,0.6591340925557189,0.4325721635205513,130.3462002650806
STARLINK-11258 [DTC],2026-02-18T07:51:34.084067,2026-02-18T07:57:19.084067,345.0,262.237770500539,59.38964604273533,226.6039828748978,30.338089883253854,0.5734692906746212,0.43200912961883464,164.06158328091968
STARLINK-11521 [DTC],2026-02-18T07:43:49.084067,2026-02-18T07:49:34.084067,345.0,261.8915866082755,59.193668198781396,226.37538568900663,33.37626772777629,0.9819183609700445,0.44224404830796116,30.365033749558137
STARLINK-11523 [DTC],2026-02-18T08:41:49.084067,2026-02-18T08:47:34.084067,345.0,261.9452095612566,59.31650167917251,226.3553085537531,32.65277372628807,0.8234897885037856,0.4376993550315279,77.98365997722732
STARLINK-11539 [DTC],2026-02-18T08:45:34.084067,2026-02-18T08:51:19.084067,345.0,261.654088332775,59.76837975799673,225.79306047797698,30.129833457057384,0.5554511913388543,0.4284465068492489,170.93525807257004
STARLINK-11567 [DTC],2026-02-18T07:55:34.084067,2026-02-18T08:01:19.084067,345.0,260.86201383330433,60.04282608806278,224.83631818046666,31.2863163710947,0.6632588644574833,0.4332646548312209,126.87498585404691
STARLINK-11576 [DTC],2026-02-18T09:01:49.084067,2026-02-18T09:07:19.084067,330.0,256.8964736783173,53.83348424089788,224.59638313377857,32.89044832636499,0.7224222591402331,0.40653588889537307,103.07188111350122
STARLINK-11304 [DTC],2026-02-18T09:03:34.084067,2026-02-18T09:09:04.084067,330.0,256.9203144526698,53.97424985147952,224.5357645417821,30.509321335523538,0.5296439449124407,0.402812307817875,181.9516354052907
STARLINK-11414 [DTC],2026-02-18T08:33:49.084067,2026-02-18T08:39:34.084067,345.0,260.4241974451021,60.02228164772711,224.41082845646582,32.830209862625075,0.8747273746945067,0.44113356606085685,75.90841864887662
STARLINK-1457,2026-02-18T09:22:34.084067,2026-02-18T09:28:19.084067,345.0,260.23540832127605,60.06037278852796,224.19918464815927,32.750467109784296,0.8942535041062994,0.4440456830281184,67.32890500222722
STARLINK-11189 [DTC],2026-02-18T08:09:04.084067,2026-02-18T08:14:34.084067,330.0,256.5085923268217,54.147605050309885,224.02002929663578,31.742744342334003,0.6216829859033108,0.4040687918079011,142.32794530271678
STARLINK-11348 [DTC],2026-02-18T09:28:34.084067,2026-02-18T09:34:04.084067,330.0,255.77350285280093,54.289331491887694,223.1999039576683,34.10374722593501,0.860037186200201,0.412269629751678,50.85834836676588
STARLINK-11366 [DTC],2026-02-18T09:35:49.084067,2026-02-18T09:41:19.084067,330.0,255.69992595502717,54.49126819569247,223.00516503761168,32.889130382804645,0.7262314128444555,0.40739126915835977,101.25219749979664
STARLINK-11540 [DTC],2026-02-18T08:33:49.084067,2026-02-18T08:39:34.084067,345.0,259.2693184757791,60.69784052823127,222.8506141588403,32.76271279759304,0.8222353791651487,0.4374429097507688,67.0030586691004
STARLINK-11582 [DTC],2026-02-18T08:53:49.084067,2026-02-18T08:59:19.084067,330.0,255.37312297158394,54.453503945278264,222.70102060441698,34.295136085780776,0.9278113635530544,0.41425246431612905,36.54527878836765
STARLINK-11626 [DTC],2026-02-18T09:31:49.084067,2026-02-18T09:37:34.084067,345.0,258.9697732317317,60.709028973137066,222.5443558478495,33.46794447275526,0.989305133445973,0.44141600805242465,33.28885819735891
STARLINK-11668 [DTC],2026-02-18T09:23:34.084067,2026-02-18T09:29:04.084067,330.0,255.32196489645457,54.79242325472802,222.44651094361777,30.891190495758075,0.5693660605231925,0.40563674372531255,165.12674117980146
STARLINK-11430 [DTC],2026-02-18T08:03:19.084067,2026-02-18T08:09:04.084067,345.0,258.2270910749816,61.017428356474845,221.6166340610967,33.4136337526214,1.0301421008408995,0.4444256983714462,23.724062862223718
STARLINK-36556,2026-02-18T08:43:04.084067,2026-02-18T08:48:34.084067,330.0,254.07771096720523,55.08330094861959,221.0277303980335,31.972699086219883,0.766216392277445,0.42435413080541706,99.1631462719023
STARLINK-36619,2026-02-18T08:49:34.084067,2026-02-18T08:55:04.084067,330.0,251.1172008169475,56.4564237271277,217.24334658067087,33.46405602285595,1.0113204665927726,0.43109297409104896,17.96110482805384
STARLINK-36367,2026-02-18T08:56:19.084067,2026-02-18T09:01:34.084067,315.0,246.977188746831,50.563320022740314,216.6391967331868,31.95657321562463,0.6456876770401554,0.39445551396461886,138.0314701069722
STARLINK-36623,2026-02-18T08:52:49.084067,2026-02-18T08:58:04.084067,315.0,246.07879613452405,50.892195598727334,215.54347877528767,33.50040671993607,0.8441861528522306,0.40118583795122265,81.5457544379194
STARLINK-36616,2026-02-18T07:45:49.084067,2026-02-18T07:51:04.084067,315.0,245.82156089018173,50.9589689987102,215.24617949095563,31.775444376875324,0.7467457267527629,0.4113541224933409,108.53699166477953
STARLINK-36622,2026-02-18T07:53:49.084067,2026-02-18T07:59:04.084067,315.0,244.55830678345566,51.644714004177864,213.57147838094895,31.822609877528524,0.7589687438790511,0.41224239749454383,111.30874988782143
STARLINK-36596,2026-02-18T07:46:49.084067,2026-02-18T07:52:04.084067,315.0,244.47773429409602,51.61619503894547,213.50801727072874,32.464000408328666,0.8309785910142499,0.4146879717934865,84.22112824453562
STARLINK-36615,2026-02-18T08:49:04.084067,2026-02-18T08:54:34.084067,330.0,247.88856639857536,57.81941073848731,213.19691995548297,32.56996169386876,1.1081114734515918,0.44762142864403565,9.394518809150052
STARLINK-36625,2026-02-18T07:51:49.084067,2026-02-18T07:57:04.084067,315.0,243.90006381830247,51.84971881449697,212.79023252960428,33.08097088413338,0.9278263826567387,0.41748273599704844,58.39811593147871
STARLINK-36609,2026-02-18T09:30:34.084067,2026-02-18T09:35:49.084067,315.0,243.89315478934057,52.06033313118826,212.65695491062763,31.090173972794616,0.6761278013574762,0.41113550379182073,140.10533892104493
STARLINK-36639,2026-02-18T07:49:19.084067,2026-02-18T07:54:34.084067,315.0,243.62235447072518,51.897561843288926,212.48381736475181,33.64200524133351,1.0834048646245356,0.42094260189472255,21.92141346552897
STARLINK-36607,2026-02-18T08:48:04.084067,2026-02-18T08:53:19.084067,315.0,243.59991051463857,51.86876989828112,212.4786485756699,33.490399778550106,1.1041655040497305,0.42217850743755214,14.432126665177847
STARLINK-30559,2026-02-18T08:24:04.084067,2026-02-18T08:29:19.084067,315.0,243.60221879194646,52.31168339718936,212.21520875363285,30.486789818940057,0.6136260415511172,0.4060100547445419,152.82932919277079
STARLINK-36426,2026-02-18T09:33:19.084067,2026-02-18T09:38:34.084067,315.0,243.16051322573904,52.335055774830074,211.759479760841,32.470534657472115,0.8402530155240123,0.41496168224638075,94.93980834422577
STARLINK-36502,2026-02-18T08:43:04.084067,2026-02-18T08:48:19.084067,315.0,243.04634120081022,52.39916061537283,211.60684483158653,31.664086357146438,0.7814780841021219,0.4156262926479879,106.37689400906422
STARLINK-36532,2026-02-18T08:40:04.084067,2026-02-18T08:45:19.084067,315.0,242.69815461348082,52.72034848292673,211.0659455237248,30.13344287765766,0.620640826700851,0.41149592046016126,150.3840737103711
STARLINK-35934,2026-02-18T09:36:34.084067,2026-02-18T09:41:49.084067,315.0,242.25359482974162,52.58681465114415,210.70150603905512,33.42897575035901,1.0936511161387992,0.4244422683990432,30.476529477326427
STARLINK-36601,2026-02-18T08:50:49.084067,2026-02-18T08:56:04.084067,315.0,242.08294225882707,52.76490175584076,210.4240012053226,33.13344659481488,0.9866747028814564,0.41984465064261656,62.1326092192691
STARLINK-36350,2026-02-18T09:36:04.084067,2026-02-18T09:41:19.084067,315.0,241.55920608318598,53.03363337427004,209.73902605862395,33.5558665490152,1.038333111381869,0.42055345504725894,49.98648887079656
STARLINK-36297,2026-02-18T07:43:49.084067,2026-02-18T07:48:49.084067,300.0,237.61982537127338,46.98910839871505,209.42636033204434,31.155010297237045,0.6067746194145278,0.3795794481597623,161.8088624071156
STARLINK-36527,2026-02-18T08:38:49.084067,2026-02-18T08:43:49.084067,300.0,237.2220789554934,47.19820116241827,208.90315825804242,30.263920729249506,0.5683391058831972,0.38158781505324935,170.2829905072104
STARLINK-36436,2026-02-18T08:42:04.084067,2026-02-18T08:47:04.084067,300.0,236.61002429840624,47.453224957674074,208.1380893238018,32.12252782763022,0.716346339384835,0.384960909529511,114.40418693871136
STARLINK-2642,2026-02-18T09:37:34.084067,2026-02-18T09:42:34.084067,300.0,236.8262935705472,47.81721760694016,208.1359630063831,42.34625891012476,0.670996345506605,0.3128133029324549,39.086705117860724
STARLINK-6151,2026-02-18T09:32:19.084067,2026-02-18T09:37:04.084067,285.0,222.1184543701927,46.28805472792438,194.34562153343808,33.45056414273985,1.107860567568918,0.3960800549692254,39.8889170510539
STARLINK-30175,2026-02-18T08:17:04.084067,2026-02-18T08:21:49.084067,285.0,221.13718566176848,46.70267664644497,193.1155796739015,31.830866118890903,1.0181327140842449,0.4080911647452502,68.6387195047717
STARLINK-30767,2026-02-18T07:42:34.084067,2026-02-18T07:46:19.084067,225.0,202.49344969336073,18.84652755788266,191.18553315863113,31.515186001703242,0.35290178438516545,0.2691568349487472,278.53861486394595
STARLINK-35816,2026-02-18T07:42:34.084067,2026-02-18T07:46:19.084067,225.0,201.3285273015199,19.676092254461533,189.52287194884298,35.8992411167236,0.6083918096366093,0.2794289963117338,102.16633545466696
STARLINK-30200,2026-02-18T07:56:19.084067,2026-02-18T08:00:49.084067,270.0,213.16345356224173,42.320363237992886,187.771235619446,33.32610348661321,1.2166674436070635,0.38983935144195314,28.00663217591977
STARLINK-5755,2026-02-18T07:42:34.084067,2026-02-18T07:46:19.084067,225.0,199.3941727013468,21.115701126178433,186.72475202563976,31.24709091523737,0.5331057777547884,0.2897129132662398,198.30387095095168
STARLINK-35874,2026-02-18T09:38:19.084067,2026-02-18T09:42:34.084067,255.0,205.76236449288652,38.22448266803816,182.8276748920636,34.552202108681456,0.3695921424839002,0.2767913634363529,269.2670436024785
STARLINK-3841,2026-02-18T09:38:19.084067,2026-02-18T09:42:34.084067,255.0,205.15108505584777,38.5113399078613,182.044281111131,36.210261805455154,0.43499981091622164,0.2807263313051487,203.2214781803005
STARLINK-35068,2026-02-18T07:42:34.084067,2026-02-18T07:46:04.084067,210.0,188.02540601073446,18.463576707656614,176.9472599861405,33.95404177146001,0.5846424180993196,0.2644252341053924,139.72340273064455
STARLINK-4386,2026-02-18T09:38:34.084067,2026-02-18T09:42:34.084067,240.0,194.99933651154063,35.153684768613644,173.90712565037245,35.325621250271,0.4256063104871317,0.26978007118823,221.8744883538418
STARLINK-35774,2026-02-18T09:39:04.084067,2026-02-18T09:42:34.084067,210.0,173.04659500992352,29.281495266034895,155.47769785030258,31.546410822212156,0.39021473842888577,0.261267256999582,254.4051449242875
STARLINK-36588,2026-02-18T09:39:04.084067,2026-02-18T09:42:34.084067,210.0,172.6863074231807,29.532842141107164,154.9666021385164,37.689428525225054,0.787765635997751,0.27412226897160097,104.78772887694434
STARLINK-36584,2026-02-18T09:39:19.084067,2026-02-18T09:42:34.084067,195.0,161.9227610889722,26.450533423356926,146.05244103495806,38.38331037051334,0.8426341474933033,0.2613305766357903,93.47970685908831
